Alloy,No,Component,Fraction,a,delta,Tm,D_Tm,Hmix,σHmix,Sid,Elec_nega,D_elec_nega,VEC,d_VEC,BulkModulus,D_Bulk,Phase,Phase_inshort
AlB12,2 ,Al B,1 12,0.8671,0.1881,2239.19,376.93,0.0000,0.0000,0.2712,2.0069,0.1146,3.0000,0.0000,"301,230,769,231",65.0185,IM,IM
B4Co,2 ,B Co ,4 1,0.9062,0.1902,2232,232.00,-15.3600,3.4560,0.5004,2.0080,0.0640,4.2000,2.4000,"292,000,000,000",56.0000,IM,IM
AlB2,2 ,Al B,1 2,1.0240,0.2817,1876.49,666.82,0.0000,0.0000,0.6365,1.8967,0.2027,3.0000,0.0000,"238,666,666,667",115.0227,IM,IM
B6Co2Nb2,3 ,B Co Nb,6 2 2,1.0280,0.2538,2312.4,313.58,-41.4400,8.1388,0.9503,1.9200,0.1716,4.6000,2.3324,"262,000,000,000",71.1056,IM,IM
HfB2,2 ,Hf B,1 2,1.0727,0.3331,2400.666667,74.48,-58.6667,3.4570,0.6365,1.7933,0.3488,3.3333,0.4714,"250,000,000,000",98.9949,IM,IM
B2NiTa,3 ,B Ni Ta,2 1 1,1.0790,0.2475,2428.5,558.09,-46.2500,9.3802,1.0397,1.8725,0.2215,5.2500,2.8614,"255,000,000,000",65.3835,IM,IM
B2CoNb,3 ,B Co Nb,2 1 1,1.0800,0.2477,2303.5,350.03,-45.2500,9.5731,1.0397,1.8900,0.1797,5.0000,2.4495,"247,500,000,000",72.5862,IM,IM
B4Fe4Nd,3 ,B Fe Nd,4 4 1,1.0982,0.2512,1992.222222,353.58,-30.0247,8.2773,0.9650,1.8467,0.2687,5.2222,2.4845,"221,333,333,333",97.3699,IM,IM
BNi2,2 ,B Ni,1 2,1.1040,0.1819,1934.666667,292.27,-21.3333,1.2571,0.6365,1.9533,0.0613,7.6667,3.2998,"226,666,666,667",65.9966,IM,IM
BCr2,2 ,B Cr,1 2,1.1060,0.1829,2236,79.20,-27.5556,1.6237,0.6365,1.7867,0.1791,5.0000,1.4142,"213,333,333,333",75.4247,IM,IM
BCo2,2 ,B Co ,1 2,1.1073,0.1835,1961.333333,273.41,-21.3333,1.2571,0.6365,1.9333,0.0754,7.0000,2.8284,"226,666,666,667",65.9966,IM,IM
CoFeSiB,4 ,Co Fe Si B,1 1 1 1,1.1163,0.1570,1903.5,260.47,-34.5000,10.4208,1.3863,1.9125,0.0779,6.0000,2.5495,"192,500,000,000",79.8044,AM,AM
B2Mo2Ni,3 ,B Mo Ni,2 2 1,1.1224,0.2233,2443.2,433.52,-31.6800,7.3694,1.0549,2.0620,0.0930,5.6000,2.5768,"256,000,000,000",55.3534,IM,IM
Co43Fe20Ta5.5B31.5,4 ,Co Fe Ta B,43 20 5.5 31.5,1.1231,0.1866,2043.01,397.63,-26.5718,8.4745,1.2082,1.8995,0.1270,6.6900,2.6616,"223,200,000,000",65.9527,AM,AM
B2CoMo2,3 ,B Co Mo,2 1 2,1.1234,0.2235,2451.2,420.42,-31.0400,7.7210,1.0549,2.0560,0.1031,5.4000,2.2450,"256,000,000,000",55.3534,IM,IM
B2CoW2,3 ,B Co W,2 1 2,1.1250,0.2245,2770.8,783.76,-27.8400,7.7723,1.0549,2.1360,0.1920,5.4000,2.2450,"288,000,000,000",54.1849,IM,IM
BNi3,2 ,B Ni,1 3,1.1395,0.1619,1883,268.47,-18.0000,2.5981,0.5623,1.9425,0.0563,8.2500,3.0311,"215,000,000,000",60.6218,IM,IM
B6CaNi11,3 ,B Ca Ni,6 1 11,1.1446,0.2468,1900.611111,345.27,-22.1358,2.9131,0.8277,1.9028,0.2271,7.2222,3.4890,"217,611,111,111",81.2083,IM,IM
BCoMo,3 ,B Co Mo,1 1 1,1.1447,0.2045,2337.333333,460.57,-28.0000,8.0346,1.0986,2.0267,0.1147,6.0000,2.4495,"243,333,333,333",57.9272,IM,IM
Be17Ti2,2 ,Be Ti,17 2,1.1632,0.0881,1600.105263,116.93,-11.3019,5.7383,0.3365,1.5668,0.0092,2.2105,0.6138,"127,894,736,842",6.1378,IM,IM
B3FeNd2,3 ,B Fe Nd,3 1 2,1.1635,0.3166,1907.166667,473.32,-41.1111,11.3102,1.0114,1.7050,0.4064,3.8333,1.8634,"199,000,000,000",129.4488,IM,IM
B6Ni21Sb2,3 ,B Ni Sb,6 21 2,1.1637,0.1519,1799.433103,348.25,-13.2699,6.5984,0.7441,1.9466,0.0593,8.2069,2.9406,"199,448,275,862",70.6422,IM,IM
B6Mn2Ni21,3 ,B Mn Ni,6 2 21,1.1650,0.1529,1841.862069,263.78,-17.8074,3.6638,0.7441,1.9121,0.1115,8.3448,2.8318,"204,827,586,207",60.7210,IM,IM
B2Co3Zr,3 ,B Co Zr,2 3 1,1.1660,0.2354,2021.333333,263.73,-45.4444,10.7039,1.0114,1.8417,0.2398,6.1667,2.8529,"208,472,222,222",87.8003,IM,IM
B6Co21V2,3 ,B Co V,6 21 2,1.1663,0.1523,1916.62069,243.70,-19.5767,3.4145,0.7441,1.8959,0.0967,7.4828,2.4999,"207,586,206,897",57.6347,IM,IM
B6Co21Sb2,3 ,B Co Sb,6 21 2,1.1673,0.1529,1828.398621,342.73,-12.6706,6.9379,0.7441,1.9248,0.0727,7.4828,2.4999,"199,448,275,862",70.6422,IM,IM
B6Ni21Ta2,3 ,B Ni Ta,6 21 2,1.1706,0.1580,1964,438.29,-23.2580,3.9005,0.7441,1.9086,0.1228,8.2069,2.9406,"210,344,827,586",56.2312,IM,IM
Al2B6Co20,3 ,Al B Co,2 6 20,1.1716,0.1616,1832.676429,343.00,-18.5714,3.1303,0.7589,1.8950,0.1023,7.2857,2.7105,"202,571,428,571",66.8065,IM,IM
B4InNi15,3 ,B In Ni,4 1 15,1.1765,0.1622,1787.0875,397.07,-13.3800,5.9695,0.6874,1.9295,0.0620,8.2500,3.0311,"200,666,500,000",67.5907,IM,IM
AlB2Ni7,3 ,Al B Ni,1 2 7,1.1794,0.1593,1772.547,371.51,-19.6000,3.2858,0.8018,1.9060,0.1112,7.9000,3.2078,"197,600,000,000",68.4970,IM,IM
B6Ni20Ti3,3 ,B Ni Ti,6 20 3,1.180206897,0.165267647,1878.310345,248.256278,-28.65160523,4.939410257,0.81691517,1.89862069,0.132397628,7.931034483,3.095391842,2.01724E+11,63.95413041,IM,IM
AuBe5,2 ,Au Be,1 5,1.1803,0.0991,1522.888333,82.98,0.0000,0.0000,0.4506,1.7317,0.3615,3.5000,3.3541,"145,000,000,000",33.5410,IM,IM
B6Hf2Ni21,3 ,B Hf Ni,6 2 21,1.1808,0.1713,1909.931034,296.94,-26.5398,5.9263,0.7441,1.8948,0.1701,8.1379,3.0255,"204,137,931,034",61.7290,IM,IM
FeSi2,2 ,Fe Si,1 2,1.1823,0.0351,1728.333333,58.45,-31.1111,1.8332,0.6365,1.8767,0.0330,5.3333,1.8856,"123,333,333,333",32.9983,IM,IM
B6Ni21Zr2,3 ,B Ni Zr,6 21 2,1.1825,0.1739,1883.862069,257.43,-28.2235,7.0950,0.7441,1.8969,0.1629,8.1379,3.0255,"201,436,781,609",66.4645,IM,IM
B6Ni21Sn2,3 ,B Ni Sn,6 21 2,1.183655172,0.175813149,1771.936552,425.1362644,-14.15457788,5.867272128,0.744129541,1.940344828,0.052422867,8.137931034,3.025456796,2.00552E+11,68.25893207,IM,IM
CrSi2,2 ,Cr Si,1 2,1.185,0.038189733,1851.333333,232.4024287,-32.88888889,1.937996363,0.636514168,1.82,0.113137085,4.666666667,0.942809042,1.2E+11,28.28427125,IM,IM
Fe81Si2B13Nb3Cu1,5 ,Fe Si B Nb Cu,81 2 13 3 1,1.1905,0.1238,1901.9677,240.89,-15.4872,5.6194,0.6654,1.8525,0.0834,7.2100,1.8182,"187,800,000,000",52.1072,BCC,SS
Co63Fe9Zr8B20,4 ,Co Fe Zr B,63 9 8 20,1.1921,0.1752,1916.67,236.03,-27.7244,9.0109,1.0317,1.8635,0.1711,7.3100,2.5365,"198,366,666,667",67.4170,AM,AM
B6Co20In3,3 ,B Co In,6 20 3,1.1938,0.1778,1749.560345,504.51,-10.1593,8.0816,0.8169,1.9028,0.0762,7.1379,2.7758,"193,792,758,621",78.0405,IM,IM
B2MgNi7,3 ,B Mg Ni,2 1 7,1.1963,0.1801,1771.5,373.89,-14.8800,4.7221,0.8018,1.8760,0.1955,7.8000,3.3705,"194,500,000,000",74.3791,IM,IM
FeSi2,2 ,Fe Si,1 1,1.1970,0.0368,1749,62.00,-35.0000,0.0000,0.6931,1.8650,0.0350,6.0000,2.0000,"135,000,000,000",35.0000,IM,IM
Fe73.5Si13.5B9Nb3Cu,5 ,Fe Si B Nb Cu,73.5 13.5 9 3 1,1.1972,0.1062,1866.2277,231.27,-24.0699,5.6738,0.8646,1.8522,0.0760,6.9500,1.9151,"173,750,000,000",51.7826,BCC,SS
Cr55Co24Nb7B14,4 ,Cr Co Nb B,55 24 7 14,1.2020,0.1337,2144.54,257.25,-19.7604,7.8318,1.1327,1.7618,0.1474,6.2300,1.8539,"187,900,000,000",53.9313,AM,AM
Cr50Co29Nb7B14,4 ,Cr Co Nb B,50 29 7 14,1.2021,0.1337,2123.94,269.77,-20.0244,8.0037,1.1670,1.7728,0.1476,6.3800,1.9482,"188,900,000,000",53.5891,AM,AM
Cr45Co34Nb7B14,4 ,Cr Co Nb B,45 34 7 14,1.2022,0.1337,2103.34,280.23,-20.2084,8.0900,1.1875,1.7838,0.1470,6.5300,2.0271,"189,900,000,000",53.2258,AM,AM
Be3Nb,2 ,Be Nb,3 1,1.2033,0.1083,1857.5,515.29,-18.7500,2.7063,0.5623,1.5775,0.0130,2.7500,1.2990,"140,000,000,000",17.3205,IM,IM
Si2V,2 ,Si V,2 1,1.2073,0.0636,1852.333333,233.82,-42.6667,2.5142,0.6365,1.8100,0.1273,4.3333,0.4714,"120,000,000,000",28.2843,IM,IM
Ni65Nb5Cr5Mo5P14B6,6 ,Ni Nb Cr Mo P B,65 5 5 5 14 6,1.2096,0.1070,1699.802,656.91,-28.9532,9.0459,1.1734,1.9415,0.1485,8.2300,2.4814,"165,740,000,000",71.5625,AM,AM
Fe2Si,2 ,Fe Si,2 1,1.211666667,0.034236807,1769.666667,58.45416058,-31.11111111,1.833239803,0.636514168,1.853333333,0.032998316,6.666666667,1.885618083,1.46667E+11,32.99831646,IM,IM
AlBe4Mn,3 ,Al Be Mn,1 4 1,1.2157,0.1038,1448.745,230.92,-6.5556,3.2241,0.8676,1.5733,0.0180,3.0000,1.8257,"119,333,333,333",19.7203,IM,IM
MoSi2,2 ,Mo Si,1 2,1.2230,0.0809,2090,569.93,-31.1111,1.8332,0.6365,1.9867,0.1226,4.6667,0.9428,"143,333,333,333",61.2826,IM,IM
Cr3Si,2 ,Cr Si,3 1,1.2250,0.0339,2056.75,213.48,-27.7500,4.0054,0.5623,1.7200,0.1039,5.5000,0.8660,"145,000,000,000",25.9808,IM,IM
Fe89Zr5B6,3 ,Fe Zr B,89 5 6,1.2338,0.1061,1859.07,141.48,-10.8556,5.6571,0.4223,1.8176,0.1224,7.5000,1.4318,"174,041,666,667",42.7243,BCC,SS
Be2Ti,2 ,Be Ti,2 1,1.2393,0.1270,1687,179.61,-26.6667,1.5713,0.6365,1.5600,0.0141,2.6667,0.9428,"123,333,333,333",9.4281,IM,IM
CrFe,2 ,Cr Fe,1 1,1.2450,0.0032,1995.5,184.50,-1.0000,0.0000,0.6931,1.7450,0.0850,7.0000,1.0000,"165,000,000,000",5.0000,IM,IM
FeCoNi,3 ,Fe Co Ni,1 1 1,1.2460,0.0033,1769,33.89,-1.3333,0.5092,1.0986,1.8733,0.0330,9.0000,0.8165,"176,666,666,667",4.7140,FCC,SS
CoCrFeNi,4 ,Co Cr Fe Ni,1 1 1 1,1.2468,0.0030,1871.75,180.37,-3.7500,1.6370,1.3863,1.8200,0.0967,8.2500,1.4790,"172,500,000,000",8.2916,FCC,SS
CoCr2FeNi,4 ,Co Cr Fe Ni,1 2 1 1,1.2472,0.0028,1933.4,203.05,-4.3200,1.6933,1.3322,1.7880,0.1076,7.8000,1.6000,"170,000,000,000",8.9443,FCC,SS
Cu0.76Si0.24,2 ,Cu Si,0.76 0.24,1.2480,0.0428,1436.7852,140.61,-13.8624,2.1942,0.5511,1.9000,0.0000,9.3200,2.9896,"130,400,000,000",17.0833,IM,IM
Fe89Zr7B4,3 ,Fe Zr B,89 7 4,1.2495,0.1018,1854.67,129.08,-10.7276,5.5826,0.4186,1.8034,0.1362,7.5200,1.3746,"169,058,333,333",39.8434,BCC,SS
NiCoFeCrMo0.1Al0.3,5 ,Ni Co Fe Cr Mo Al,1 1 1 1 0.1 0.3,1.2496,0.0147,1896.731707,238.13,-3.9024,1.6945,1.4671,1.8283,0.1090,8.1951,1.5015,"173,902,439,024",12.0726,FCC,SS
CoCrCu0.5FeNi,5 ,Co Cr Cu Fe Ni,1 1 0.5 1 1,1.2502,0.0084,1814.641111,234.54,0.4938,3.5345,1.5811,1.8289,0.0946,8.5556,1.6405,"168,888,888,889",12.8620,FCC,SS
CoCrCuFeNi,5 ,Co Cr Cu Fe Ni,1 1 1 1 1,1.2530,0.0103,1768.954,261.33,3.2000,4.0517,1.6094,1.8360,0.0922,8.8000,1.7205,"166,000,000,000",14.9666,FCC,SS
CuNiCoFe,4 ,Cu Ni Co Fe,1 1 1 1,1.2540,0.0114,1666.1925,180.47,5.0000,3.3166,1.3863,1.8800,0.0308,9.5000,1.1180,"167,500,000,000",16.3936,FCC,SS
NiCoFeCrMo0.3,5 ,Ni Co Fe Cr Mo,1 1 1 1 0.3,1.2549,0.0238,1943.209302,313.61,-4.1536,1.7881,1.5426,1.8437,0.1273,8.0930,1.5373,"176,511,627,907",16.6892,FCC,SS
Fe91Hf7B2,3 ,Fe Hf B,91 7 2,1.2562,0.0845,1870.39,189.87,-7.6132,4.7266,0.3502,1.7971,0.1395,7.6200,1.2147,"168,800,000,000",26.4681,BCC,SS
CoCrFeNiAl0.25,5 ,Co Cr Fe Ni Al,1 1 1 1 0.25,1.2576,0.0348,1816.557059,281.71,-6.7543,3.6817,1.5285,1.8076,0.1060,7.9412,1.8934,"166,823,529,412",24.0886,FCC,SS
CoCr2FeNiAl0.3,5,Co Cr Fe Ni Al,1 2 1 1 0.3,1.2577,0.0341,1876.800189,303.79,-6.9206,3.3594,1.4743,1.7779,0.1123,7.5283,1.9093,"164,679,245,283",23.3947,FCC+BCC+IM,IM+SS
Co1.5Cr0.5FeMn0.5Ni,5 ,Co Cr Fe Mn Ni,1.5 0.5 1 0.5 1,1.2584,0.0259,1786.777778,161.75,-3.5062,1.7924,1.5230,1.8144,0.1180,8.4444,1.2571,"168,888,888,889",18.5259,FCC,SS
FeNi2CrCuAl0.2,5 ,Fe Ni Cr Cu Al,1 2 1 1 0.2,1.2589,0.0294,1729.127692,302.08,0.1183,5.0513,1.4440,1.8331,0.1040,8.7692,2.0996,"162,538,461,538",22.6923,FCC,SS
Cu0.5NiCoCrAl0.5Fe3.5,6 ,Cu Ni Co Cr Al Fe,0.5 1 1 1 0.5 3.5,1.2593,0.0374,1754.682667,284.92,-2.5778,4.4461,1.5227,1.8147,0.0914,8.0000,1.8619,"163,066,666,667",25.3179,FCC,SS
NiCoFeCrAl0.3,5 ,Ni Co Fe Cr Al,1 1 1 1 0.3,1.2597,0.0376,1806.288605,295.64,-7.2688,3.9105,1.5426,1.8053,0.1075,7.8837,1.9554,"165,767,441,860",25.8518,FCC,SS
Al0.3CoCrFeNi ,5,Al Co Cr Fe Ni,0.3 1 1 1 1,1.2597,0.0376,1806.288605,295.64,-7.2688,3.9105,1.5426,1.8053,0.1075,7.8837,1.9554,"165,767,441,860",25.8518,FCC+L12,IM+SS
Cu0.5NiCoCrAl0.5Fe3,6 ,Cu Ni Co Cr Al Fe,0.5 1 1 1 0.5 3,1.2606,0.0384,1750.66,294.51,-2.8367,4.6036,1.5741,1.8136,0.0945,8.0000,1.9272,"162,571,428,571",26.1362,FCC,SS
Cu0.75NiCoFeCrAl0.25,6 ,Cu Ni Co Fe Cr Al,0.75 1 1 1 1 0.25,1.2607,0.0325,1747.739,307.07,-0.7100,4.9407,1.7219,1.8215,0.1032,8.4000,2.0591,"162,800,000,000",24.1859,FCC,SS
NiCoFeCrAl0.375,5 ,Ni Co Fe Cr Al,1 1 1 1 0.375,1.2626,0.0412,1791.326,314.23,-7.9935,4.2051,1.5600,1.8020,0.1096,7.8000,2.0396,"164,228,571,429",28.1537,FCC,SS
FeCoNiCrCuAl0.3,6 ,Fe Co Ni Cr Cu Al,1 1 1 1 1 0.3,1.2631,0.0342,1721.662453,318.91,0.1566,5.1880,1.7359,1.8232,0.1037,8.4717,2.1422,"160,905,660,377",25.3744,FCC+FCC,SS
BFe14Nd2,3 ,B Fe Nd,1 14 2,1.2632,0.1340,1781.764706,218.07,-6.0069,6.0755,0.5783,1.7612,0.2321,7.1176,1.9061,"162,588,235,294",59.2374,IM,IM
Cu0.5NiAlCoCrFeSi,7 ,Cu Ni Al Co Cr Fe Si,0.5 1 1 1 1 1 1,1.2632,0.0635,1659.439231,368.73,-22.5799,11.8234,1.9251,1.8062,0.1176,7.0000,2.7175,"144,000,000,000",39.4032,AM,AM
Cr6Fe18Mo5,3 ,Cr Fe Mo,6 18 5,1.2637,0.0360,2074.413793,402.19,-1.3698,0.3564,0.9251,1.8517,0.1558,7.2414,0.9704,"178,275,862,069",23.9351,IM,IM
Cu0.5NiCoCrAl0.5Fe2,6 ,Cu Ni Co Cr Al Fe,0.5 1 1 1 0.5 2,1.2638,0.0408,1740.603333,316.99,-3.5278,4.9752,1.6762,1.8108,0.1019,8.0000,2.0817,"161,333,333,333",28.0397,FCC,SS
CuAlNiCoCrFeSi,7 ,Cu Al Ni Co Cr Fe Si,1 1 1 1 1 1 1,1.2643,0.0613,1637.891429,363.71,-18.8571,11.6220,1.9459,1.8129,0.1158,7.2857,2.8140,"143,714,285,714",37.9839,BCC+FCC,SS
Al0.5CoCrCu0.5FeNi2 ,6,Al Co Cr Cu Fe Ni,0.5 1 1 0.5 1 2,1.2647,0.0405,1726.77,315.43,-5.1944,5.2402,1.6762,1.8242,0.1085,8.3333,2.2111,"163,000,000,000",28.7924,FCC+L12,IM+SS
CuNi2FeCrAl0.4,5 ,Cu Ni Fe Cr Al,1 2 1 1 0.4,1.2653,0.0386,1699.658889,332.34,-1.7010,5.6097,1.4976,1.8248,0.1104,8.5556,2.3307,"159,333,333,333",27.6218,FCC,SS
BIn2Ni7,3 ,B In Ni,1 2 7,1.2662,0.1529,1530.35,580.06,-4.1600,6.5336,0.8018,1.8970,0.0700,7.9000,3.2078,"164,666,000,000",77.6356,IM,IM
CoCuFeNiV,5 ,Co Cu Fe Ni V,1 1 1 1 1,1.2664,0.0220,1769.554,262.28,-2.2400,5.6832,1.6094,1.8300,0.1037,8.6000,2.0591,"166,000,000,000",14.9666,FCC,SS
Al0.5CoCrFeNi,5 ,Al Co Cr Fe Ni,0.5 1 1 1 1,1.2673,0.0460,1767.496667,340.40,-9.0864,4.6003,1.5811,1.7967,0.1125,7.6667,2.1602,"161,777,777,778",31.3184,FCC+BCC,SS
FeCrMnNiCo,5 ,Fe Cr Mn Ni Co,1 1 1 1 1,1.2674,0.0327,1801.2,214.33,-4.1600,2.1976,1.6094,1.7660,0.1384,8.0000,1.4142,"162,000,000,000",22.2711,FCC,SS
Al0.5CrCuFeNi2,5 ,Al Cr Cu Fe Ni,0.5 1 1 1 2,1.2684,0.0420,1685.728182,344.85,-2.5124,5.8185,1.5157,1.8209,0.1131,8.4545,2.4258,"157,818,181,818",29.5476,FCC,SS
Cu0.5NiCoFeAl0.5Cr,6 ,Cu Ni Co Fe Al Cr,0.5 1 1 1 0.5 1,1.2684,0.0437,1726.524,345.53,-4.6000,5.4374,1.7481,1.8070,0.1112,8.0000,2.2804,"159,600,000,000",30.4210,FCC,SS
Cu3Ge,2 ,Cu Ge,3 1,1.2685,0.0130,1321.1775,63.38,-8.6250,1.2449,0.5623,1.9275,0.0476,9.2500,3.0311,"105,000,000,000",60.6218,IM,IM
CoCrCuFeMnNi,6 ,Co Cr Cu Fe Mn Ni,1 1 1 1 1 1,1.269166667,0.029966526,1727.295,256.1058605,1.444444444,3.868464886,1.791759469,1.788333333,0.135820552,8.5,1.707825128,1.58333E+11,21.9215774,FCC,SS
FeCoNiCrCuAl0.5,6 ,Fe Co Ni Cr Cu Al,1 1 1 1 1 0.5,1.269272727,0.041692079,1693.000909,346.0859229,-1.520661157,5.643485011,1.767761472,1.815454545,0.109325505,8.272727273,2.339032787,1.57818E+11,29.54755237,FCC+FCC,SS
CoCrFeNiCuAl0.5 ,6,Co Cr Fe Ni Cu Al,1 1 1 1 1 0.5,1.2693,0.0417,1693.000909,346.09,-1.5207,5.6435,1.7678,1.8155,0.1093,8.2727,2.3390,"157,818,181,818",29.5476,FCC+BCC+IM,IM+SS
CoCrFeNiTi0.5 ,5,Co Cr Fe Ni Ti,1 1 1 1 0.5,1.2707,0.0533,1879.444444,171.44,-11.5556,6.8880,1.5811,1.7889,0.1267,7.7778,1.9309,"165,555,555,556",21.1403,FCC+IM,IM+SS
CuNiCoFeCrAl0.5V0.2,7 ,Cu Ni Co Fe Cr Al V,1 1 1 1 1 0.5 0.2,1.2709,0.0415,1710.19386,351.71,-2.4992,5.8138,1.8577,1.8089,0.1127,8.1579,2.3752,"157,894,736,842",29.0273,FCC,SS
FeNi2CrCuAl0.6,5 ,Fe Ni Cr Cu Al,1 2 1 1 0.6,1.2713,0.0449,1672.295,355.98,-3.2653,5.9942,1.5299,1.8171,0.1155,8.3571,2.5102,"156,357,142,857",31.2229,FCC,SS
CoCrFeNiNb0.65,5,Co Cr Fe Ni Nb,1 1 1 1 0.65,1.2722,0.0498,1994.516129,347.47,-12.1540,6.5718,1.5971,1.7892,0.1177,7.7957,1.7753,"172,150,537,634",7.7389,FCC+Laves,IM+SS
CoCrFeNiPd,5 ,Co Cr Fe Ni Pd,1 1 1 1 1,1.2724,0.0404,1863.01,162.27,-5.6000,3.0633,1.6094,1.8960,0.1749,8.6000,1.4967,"174,000,000,000",8.0000,FCC,SS
CrCuFeMnNi,5 ,Cr Cu Fe Mn Ni,1 1 1 1 1,1.2728,0.03197742,1719.154,279.8403096,2.72,4.235582605,1.609437912,1.77,0.141844986,8.4,1.854723699,1.54E+11,21.54065923,FCC+BCC,SS
AlCo3.5CrCu0.5FeNi,6 ,Al Co Cr Cu Fe Ni,1 3.5 1 0.5 1 1,1.2732,0.0475,1689.919375,336.34,-7.0313,5.4517,1.5747,1.8175,0.1082,8.0000,2.2638,"160,750,000,000",33.8221,SS,SS
CuNiCoFeMn,5 ,Cu Ni Co Fe Mn,1 1 1 1 1,1.2732,0.031789341,1636.754,171.8203075,1.76,3.595864291,1.609437912,1.814,0.134848063,9,1.414213562,1.58E+11,24,FCC,SS
CoCrCuFeMn,5 ,Co Cr Cu Fe Mn,1 1 1 1 1,1.2738,0.0315,1727.154,280.55,4.1600,3.8405,1.6094,1.7640,0.1363,8.2000,1.7205,"154,000,000,000",21.5407,FCC+FCC,SS
Al0.5CoCrCuFeNiV0.6 ,7,Al Co Cr Cu Fe Ni V,0.5 1 1 1 1 1 0.6,1.2739,0.0409,1741.197541,359.57,-4.0742,6.0424,1.9153,1.7972,0.1176,7.9508,2.4255,"158,032,786,885",28.0643,IM+SS,IM+SS
CoCrMnNi,4 ,Co Cr Mn Ni,1 1 1 1,1.2740,0.0345,1798.75,239.56,-5.5000,2.4686,1.3863,1.7500,0.1505,8.0000,1.5811,"160,000,000,000",24.4949,FCC,SS
AlCo3CrCu0.5FeNi,6 ,Al Co Cr Cu Fe Ni,1 3 1 0.5 1 1,1.2747,0.0488,1684.714,346.75,-7.2533,5.5991,1.6217,1.8133,0.1105,7.9333,2.3228,"159,466,666,667",34.5521,SS,SS
Al0.5CoCrCuFeNiV0.8,7,Al Co Cr Cu Fe Ni V,0.5 1 1 1 1 1 0.8,1.2752,0.0406,1755.223016,362.19,-4.7065,6.1169,1.9239,1.7919,0.1194,7.8571,2.4421,"158,095,238,095",27.6174,IM+SS,IM+SS
AlCoCrCu0.5FeNi2.5,6 ,Al Co Cr Cu Fe Ni,1 1 1 0.5 1 2.5,1.2753,0.0506,1670.193571,356.41,-8.4490,5.9978,1.6682,1.8150,0.1175,8.0714,2.5203,"158,000,000,000",35.3109,SS,SS
CrCuFeMoNi,5 ,Cr Cu Fe Mo Ni,1 1 1 1 1,1.2754,0.0358,1994.554,521.01,4.6400,5.4523,1.6094,1.8920,0.1612,8.2000,2.0396,"176,000,000,000",30.0666,FCC,SS
Al0.5CoCrCuFeNiTi0.2,7 ,Al Co Cr Cu Fe Ni Ti,0.5 1 1 1 1 1 0.2,1.2760,0.0493,1701.702632,343.01,-4.1490,6.7937,1.8577,1.8058,0.1188,8.1228,2.4284,"156,140,350,877",30.3289,FCC,SS
Al0.5CoCrCuFeNiV1.0 ,7,Al Co Cr Cu Fe Ni V,0.5 1 1 1 1 1 1.0,1.2765,0.0404,1768.385385,364.15,-5.2544,6.1716,1.9251,1.7869,0.1208,7.7692,2.4543,"158,153,846,154",27.1912,IM+SS,IM+SS
CoFeNiVMo0.6,5,Co Fe Ni V Mo,1 1 1 1 0.6,1.2765,0.0344,2006,384.07,-9.5274,4.4706,1.5927,1.8578,0.1551,7.7391,1.8701,"180,000,000,000",20.8514,FCC+IM,IM+SS
FeNi2CrCuAl0.8,5 ,Fe Ni Cr Cu Al,1 2 1 1 0.8,1.2768,0.0496,1646.818276,374.87,-4.6136,6.2705,1.5496,1.8100,0.1196,8.1724,2.6532,"153,586,206,897",34.0036,SS,SS
AlCoCrFeNi2.1,5,Al Co Cr Fe Ni,1 1 1 1 2.1,1.2770,0.0538,1692.011475,370.24,-11.9430,5.5056,1.5529,1.8018,0.1204,7.7049,2.4916,"158,032,786,885",37.0476,FCC+B2,IM+SS
Co0.5CrFeMn1.5Ni ,5,Co Cr Fe Mn Ni,0.5 1 1 1.5 1,1.2773,0.0373,1776.3,230.59,-4.0400,2.3526,1.5571,1.7330,0.1464,7.8000,1.4000,"156,000,000,000",24.5764,FCC+IM,IM+SS
CuCoNiCrAl0.8Fe,6 ,Cu Co Ni Cr Al Fe,1 1 1 1 0.8 1,1.2777,0.0492,1653.714828,376.66,-3.6147,6.1025,1.7886,1.8048,0.1158,8.0000,2.5596,"153,586,206,897",34.0036,FCC+BCC,SS
AlCoCr2Cu0.5FeNi,6 ,Al Co Cr Cu Fe Ni,1 1 2 0.5 1 1,1.2780,0.0518,1735.285385,414.46,-7.1953,5.6410,1.7118,1.7692,0.1200,7.3077,2.4615,"153,230,769,231",34.7699,SS,SS
AlCo2CrCu0.5FeNi,6 ,Al Co Cr Cu Fe Ni,1 2 1 0.5 1 1,1.2783,0.0517,1671.900769,370.81,-7.6686,5.9054,1.7118,1.8031,0.1153,7.7692,2.4543,"156,307,692,308",36.0926,SS,SS
CoFeNi2V0.5Nb0.75,5,Co Fe Ni V Nb,1 1 2 0.5 0.75,1.2788,0.0506,1940.761905,353.95,-15.9093,7.6297,1.5013,1.8181,0.1189,8.2381,1.9495,"174,761,904,762",6.6326,FCC+Laves,IM+SS
Co2Mo0.5Ni2VW0.5,5,Co Mo Ni V W,2 0.5 2 1 0.5,1.2792,0.0357,2078.416667,590.22,-8.9444,4.5475,1.4452,1.9117,0.1883,8.1667,1.9508,"191,666,666,667",39.3347,FCC+Co7Mo6,IM+SS
CuNi2FeCrAl0.9,5 ,Cu Ni Fe Cr Al,1 2 1 1 0.9,1.2795,0.0515,1634.727627,382.92,-5.2169,6.3796,1.5561,1.8066,0.1214,8.0847,2.7140,"152,271,186,441",35.1702,FCC+BCC,SS
AlCoCrCu0.5Fe1.5Ni,6 ,Al Co Cr Cu Fe Ni,1 1 1 0.5 1.5 1,1.2798,0.0537,1667.475833,386.02,-7.1389,5.9164,1.7482,1.7925,0.1156,7.5833,2.4986,"153,500,000,000",36.4063,SS,SS
CuNi2FeMn2Cr,5 ,Cu Ni Fe Mn Cr,1 2 1 2 1,1.2800,0.0357,1691.824286,246.83,-0.4898,3.9036,1.5498,1.7586,0.1548,8.4286,1.7613,"152,857,142,857",24.3277,FCC,SS
AlCoCr1.5Cu0.5FeNi,6 ,Al Co Cr Cu Fe Ni,1 1 1.5 0.5 1 1,1.2804,0.0534,1698.225833,410.17,-7.5556,5.9007,1.7482,1.7783,0.1205,7.4167,2.5317,"152,666,666,667",36.1325,SS,SS
AlCo1.5CrCu0.5FeNi,6 ,Al Co Cr Cu Fe Ni,1 1.5 1 0.5 1 1,1.2806,0.0533,1663.8925,384.87,-7.8333,6.0520,1.7482,1.7967,0.1178,7.6667,2.5276,"154,333,333,333",36.8857,SS,SS
CoFeNi1.4VMo,5,Co Fe Ni V Mo,1 1 1.4 1 1,1.2806,0.0371,2051.333333,433.59,-9.1632,4.3532,1.5992,1.8841,0.1636,7.7778,1.8922,"183,703,703,704",23.2774,FCC+IM,IM+SS
CoFeMnNiV,5 ,Co Fe Mn Ni V,1 1 1 1 1,1.2808,0.0344,1801.8,215.39,-8.9600,4.3049,1.6094,1.7600,0.1434,7.8000,1.7205,"162,000,000,000",22.2711,FCC,SS
FeCoNiMnV,5,Fe Co Ni Mn V,1 1 1 1 1,1.2808,0.0344,1801.8,215.39,-8.9600,4.3049,1.6094,1.7600,0.1434,7.8000,1.7205,"162,000,000,000",22.2711,FCC+IM,IM+SS
CoCrCuFeNiTi0.8 ,6,Co Cr Cu Fe Ni Ti,1 1 1 1 1 0.8,1.2818,0.0570,1792.684483,249.79,-6.7539,8.1779,1.7886,1.7952,0.1332,8.1379,2.3003,"158,275,862,069",23.7906,IM+SS,IM+SS
FeNi2CrCuAl,5 ,Fe Ni Cr Cu Al,1 2 1 1 1,1.282,0.053170061,1623.04,390.17978,-5.777777778,6.473169273,1.560710409,1.803333333,0.122972445,8,2.768874621,1.51E+11,36.21693895,FCC+BCC,SS
MnCrFe1.5Ni0.5Al0.3,5 ,Mn Cr Fe Ni Al,1 1 1.5 0.5 0.3,1.2821,0.0470,1758.032791,321.27,-5.5057,3.7555,1.4818,1.7193,0.1297,7.1860,1.6461,"150,651,162,791",29.2979,FCC+BCC,SS
Al0.5CoCrCuFeNiTi0.4,7 ,Al Co Cr Cu Fe Ni Ti,0.5 1 1 1 1 1 0.4,1.282338983,0.054909985,1709.814407,339.9148922,-6.42344154,7.597097364,1.895815043,1.796779661,0.126242176,7.983050847,2.500789878,1.54576E+11,30.95770947,FCC+BCC,SS
CoCrMnNiV,5 ,Co Cr Mn Ni V,1 1 1 1 1,1.2824,0.0333,1875.6,263.70,-9.1200,4.3592,1.6094,1.7260,0.1429,7.4000,1.8547,"160,000,000,000",21.9089,FCC,SS
NiCoCrMnV,5,Ni Co Cr Mn V,1 1 1 1 1,1.2824,0.0333,1875.6,263.70,-9.1200,4.3592,1.6094,1.7260,0.1429,7.4000,1.8547,"160,000,000,000",21.9089,FCC+IM,IM+SS
FeCoNiCrAlCu,6,Fe Co Ni Cr Al Cu,1 1 1 1 1 1,1.2828,0.0528,1629.706667,392.25,-4.7778,6.3125,1.7918,1.7983,0.1191,7.8333,2.6719,"151,000,000,000",36.2169,BCC+B2+FCC(Cu rich),IM+SS
Cu0.5NiAlCoCrFe,6 ,Cu Ni Al Co Cr Fe,0.5 1 1 1 1 1,1.2833,0.0551,1654.428182,400.64,-7.9339,6.1785,1.7678,1.7891,0.1202,7.5455,2.6064,"152,000,000,000",37.6684,AM,AM
AlCoCrFeNi,5,Al Co Cr Fe Ni,1 1 1 1 1,1.2838,0.0578,1684.094,408.52,-12.3200,5.5047,1.6094,1.7780,0.1206,7.2000,2.4819,"153,200,000,000",39.3060,BCC+B2,IM+SS
Co5Cr2Mo3,3 ,Co Cr Mo,5 2 3,1.2842,0.0402,2188.8,488.46,-4.6000,1.1531,1.0297,1.9200,0.1778,7.5000,1.5000,"191,000,000,000",26.6271,IM,IM
Mo5Si3,2 ,Mo Si,5 3,1.2843,0.0792,2442.625,585.30,-32.8125,1.0590,0.6616,2.0625,0.1259,5.2500,0.9682,"181,250,000,000",62.9360,IM,IM
CoCrFeNiAl0.4MnV,7,Co Cr Fe Ni Al Mn V,1 1 1 1 0.4 1 1,1.2853,0.0432,1806.623125,325.11,-10.4297,5.1258,1.9136,1.7350,0.1357,7.2188,1.9801,"156,312,500,000",28.6012,IM,IM
Cu0.5Ti0.5CrFeCoNiAl0.5,7 ,Cu Ti Cr Fe Co Ni Al,0.5 0.5 1 1 1 1 0.5,1.2860,0.0597,1746.021818,335.17,-10.8430,7.9799,1.8938,1.7827,0.1309,7.6364,2.4596,"155,090,909,091",32.3207,FCC+BCC,SS
AlCo0.5CrCu0.5FeNi,6 ,Al Co Cr Cu Fe Ni,1 0.5 1 0.5 1 1,1.2865,0.0571,1643.071,418.51,-7.9200,6.2638,1.7481,1.7800,0.1224,7.4000,2.6907,"149,200,000,000",38.4000,SS,SS
AlCoCrCuFe0.5Ni,6 ,Al Co Cr Cu Fe Ni,1 1 1 1 0.5 1,1.2866,0.0540,1613.225455,405.70,-5.5537,6.4898,1.7678,1.7955,0.1240,7.8182,2.7902,"149,272,727,273",37.3511,SS,SS
CoCrFeNiAlNb0.1,6 ,Co Cr Fe Ni Al Nb,1 1 1 1 1 0.1,1.2866,0.0592,1704.994118,430.64,-13.3180,5.9087,1.6744,1.7745,0.1219,7.1569,2.4763,"153,529,411,765",38.9884,BCC,SS
AlCoCr0.5Cu0.5FeNi,6 ,Al Co Cr Cu Fe Ni,1 1 0.5 0.5 1 1,1.2867,0.0570,1601.871,382.34,-8.3200,6.4661,1.7481,1.8020,0.1186,7.7000,2.6851,"151,200,000,000",39.4178,SS,SS
Al1.2CrCuFeNi2,5,Al Cr Cu Fe Ni,1.2 1 1 1 2,1.2868,0.0560,1600.795806,402.71,-6.7846,6.6222,1.5657,1.7971,0.1257,7.8387,2.8635,"148,580,645,161",38.0125,FCC+B2,IM+SS
Co2Mo0.8Ni2VW0.8,5,Co Mo Ni V W,2 0.8 2 1 0.8,1.2870,0.0389,2189.060606,673.51,-8.3012,4.3414,1.5211,1.9433,0.2078,7.9697,1.9615,"198,787,878,788",45.3777,FCC+Co7Mo6,IM+SS
AlCoCrCu0.5FeNi0.5,6 ,Al Co Cr Cu Fe Ni,1 1 1 0.5 1 0.5,1.2870,0.0568,1647.071,419.49,-7.2800,6.0935,1.7481,1.7770,0.1195,7.3000,2.6096,"149,200,000,000",38.4000,SS,SS
CoCrCuFeNiTi,6,Co Cr Cu Fe Ni Ti,1 1 1 1 1 1,1.2878,0.0612,1797.628333,247.03,-8.4444,8.5798,1.7918,1.7867,0.1388,8.0000,2.3805,"156,666,666,667",24.9444,FCC+Laves,IM+SS
Al0.5CrFeNiCoCuTi0.6,7 ,Al Cr Fe Ni Co Cu Ti,0.5 1 1 1 1 1 0.6,1.2882,0.0592,1717.394262,336.82,-8.3956,8.1944,1.9153,1.7884,0.1323,7.8525,2.5597,"153,114,754,098",31.4638,FCC+BCC,SS
CoCrFeNiAl1.17,5 ,Co Cr Fe Ni Al,1 1 1 1 1.17,1.2887,0.0602,1659.411973,423.46,-13.1004,5.6641,1.6073,1.7725,0.1223,7.0619,2.5531,"150,661,508,704",41.0327,BCC+BCC,SS
CrMnFe1.5Ni0.5Al0.5 ,5,Cr Mn Fe Ni Al,1 1 1.5 0.5 0.5,1.2888,0.0516,1721.385556,357.07,-7.2593,4.3438,1.5230,1.7144,0.1288,7.0000,1.8257,"147,333,333,333",32.5098,BCC+IM,IM+SS
AlCrCuFeNi,5 ,Al Cr Cu Fe Ni,1 1 1 1 1,1.2892,0.0563,1602.048,424.32,-4.0000,6.4777,1.6094,1.7820,0.1242,7.6000,2.8705,"145,200,000,000",37.0427,FCC+BCC,SS
FeCoNiCuAl,5 ,Fe Co Ni Cu Al,1 1 1 1 1,1.2896,0.0561,1519.648,334.60,-5.2800,6.7031,1.6094,1.8260,0.1115,8.2000,2.7857,"149,200,000,000",39.4279,FCC+BCC,SS
FeCoNiCrTi,5,Fe Co Ni Cr Ti,1 1 1 1 1,1.2898,0.0668,1885.6,163.69,-16.3200,8.3717,1.6094,1.7640,0.1415,7.4000,2.1541,"160,000,000,000",26.0768,FCC+BCC+Co2Ti,IM+SS
CuCoNiCrAl1.3Fe,6 ,Cu Co Ni Cr Al Fe,1 1 1 1 1.3 1,1.2899,0.0569,1596.55254,410.51,-6.2383,6.5310,1.7864,1.7894,0.1229,7.6032,2.8033,"147,428,571,429",38.7854,FCC+BCC,SS
Co2V3,2 ,Co V,2 3,1.2900,0.0247,2017,203.31,-13.4400,0.2743,0.6730,1.7300,0.1225,6.6000,1.9596,"168,000,000,000",9.7980,IM,IM
FeCoNiMnMo,5,Fe Co Ni Mn Mo,1 1 1 1 1,1.2902,0.0421,1944.4,486.26,-4.0000,2.5060,1.6094,1.8660,0.1948,8.0000,1.4142,"176,000,000,000",34.9857,FCC+IM,IM+SS
AlCrCu0.5FeNi,5 ,Al Cr Cu Fe Ni,1 1 0.5 1 1,1.2904,0.0592,1629.19,438.96,-7.7037,6.2771,1.5811,1.7689,0.1241,7.2222,2.7800,"145,777,777,778",39.0036,SS,SS
Al0.8CrCuFe1.5MnNi,6 ,Al Cr Cu Fe Mn Ni,0.8 1 1 1.5 1 1,1.2905,0.0508,1626.673968,364.22,-3.3056,5.9779,1.7723,1.7544,0.1388,7.6825,2.4354,"145,365,079,365",32.9633,SS,SS
FeNiCoSiCrAlTi,7 ,Fe Ni Co Si Cr Al Ti,1 1 1 1 1 1 1,1.2906,0.0808,1721.21,356.73,-35.0204,14.6012,1.9459,1.7614,0.1426,6.2857,2.5475,"139,428,571,429",39.8098,SS,SS
AlCoCrFeNb0.25Ni,6,Al Co Cr Fe Nb Ni,1 1 1 1 0.25 1,1.2907,0.0610,1734.851429,458.77,-14.6576,6.4077,1.7242,1.7695,0.1236,7.0952,2.4670,"154,000,000,000",38.5252,BCC+Laves,IM+SS
Cu3Sb,2 ,Cu Sb,3 1,1.2910,0.0174,1244.2725,196.58,5.2500,0.7578,0.5623,1.9375,0.0650,9.5000,2.5981,"115,500,000,000",42.4352,IM,IM
AlCoCrCuNi,5 ,Al Co Cr Cu Ni,1 1 1 1 1,1.2912,0.0552,1593.448,420.41,-6.5600,6.6315,1.6094,1.7920,0.1295,7.8000,2.9257,"147,200,000,000",38.5663,FCC+BCC,SS
Fe3W2,2 ,Fe W,3 2,1.2914,0.0478,2564.6,922.97,0.0000,0.0000,0.6730,2.0420,0.2596,7.2000,0.9798,"226,000,000,000",68.5857,IM,IM
AlNi6Ta,3 ,Al Ni Ta,1 6 1,1.2923,0.0620,1823.93375,612.12,-20.3125,2.7147,0.7356,1.8213,0.1562,8.5000,2.6458,"169,500,000,000",35.9409,IM,IM
AlCoCrCu0.5Ni,5 ,Al Co Cr Cu Ni,1 1 1 0.5 1,1.2927,0.0581,1619.634444,435.35,-10.1728,6.6243,1.5811,1.7800,0.1311,7.4444,2.8717,"148,000,000,000",40.5737,SS,SS
Co1.5Cr2Fe1.5NiAlMn2V ,7,Co Cr Fe Ni Al Mn V,1.5 2 1.5 1 1 2 1,1.2930,0.0484,1761.097,365.52,-10.1500,5.1617,1.9037,1.7135,0.1332,6.9500,1.9615,"150,100,000,000",32.2892,IM,IM
Sm2Fe17Ni3,3 ,Sm Fe Ni,2 17 3,1.2934,0.1263,1757.331818,133.37,-2.6612,3.1930,0.6889,1.7809,0.1951,7.8182,1.6689,"159,363,636,364",38.5293,IM,IM
Al0.8CrCu1.5FeMnNi,6 ,Al Cr Cu Fe Mn Ni,0.8 1 1.5 1 1 1,1.2934,0.0496,1590.703333,366.61,-1.7435,6.1127,1.7723,1.7600,0.1430,7.9206,2.5961,"142,984,126,984",32.1719,SS,SS
CuNi2FeCrAl1.5,5 ,Cu Ni Fe Cr Al,1 2 1 1 1.5,1.2935,0.0593,1569.996154,417.48,-8.0473,6.7718,1.5650,1.7885,0.1289,7.6154,2.9752,"145,230,769,231",40.1270,FCC+BCC,SS
Al0.5CoCrCuFeNiTi0.8 ,7,Al Co Cr Cu Fe Ni Ti,0.5 1 1 1 1 1 0.8,1.2937,0.0626,1724.492857,333.74,-10.1083,8.6519,1.9239,1.7805,0.1373,7.7302,2.6077,"151,746,031,746",31.8698,IM+SS,IM+SS
FeCoNiCrCuAl1.5,6 ,Fe Co Ni Cr Cu Al,1 1 1 1 1 1.5,1.2943,0.0589,1576.15,420.06,-7.0533,6.6282,1.7782,1.7838,0.1249,7.4615,2.8720,"145,230,769,231",40.1270,FCC+(FCC+BCC),SS
NbCrFeMnCoNi,6,Nb Cr Fe Mn Co Ni,1 1 1 1 1 1,1.2943,0.0549,1959.333333,404.12,-12.0000,6.6207,1.7918,1.7383,0.1406,7.5000,1.7078,"163,333,333,333",20.5480,IM+SS,IM+SS
Cu2Sb,2 ,Cu Sb,2 1,1.2953,0.0189,1206.44,214.01,6.2222,0.3666,0.6365,1.9500,0.0707,9.0000,2.8284,"107,333,333,333",46.1976,IM,IM
Al1.5CoCrCu0.5FeNi,6 ,Al Co Cr Cu Fe Ni,1.5 1 1 0.5 1 1,1.2957,0.0611,1594.348333,432.26,-10.1389,6.4961,1.7482,1.7742,0.1253,7.1667,2.7938,"145,666,666,667",41.7359,SS,SS
Cr9Mo21Ni20,3 ,Cr Mo Ni,9 21 20,1.2957,0.0442,2299.92,531.65,-6.7200,1.8528,1.0395,1.9700,0.1841,7.6000,1.9596,"197,400,000,000",28.6224,IM,IM
BCaNi4,3 ,B Ca Ni,1 1 4,1.2967,0.2632,1729.166667,355.94,-16.2222,4.1351,0.8676,1.7800,0.3520,7.5000,3.5473,"176,166,666,667",87.6364,IM,IM
CoCrFeNiAlNb0.5,6,Co Cr Fe Ni Al Nb,1 1 1 1 1 0.5,1.2970,0.0633,1780.994545,495.59,-16.5289,7.0344,1.7678,1.7618,0.1258,7.0000,2.4495,"154,727,272,727",37.7867,BCC+Laves,IM+SS
Al0.5CoCrCuFeNiTi1.0 ,7,Al Co Cr Cu Fe Ni Ti,0.5 1 1 1 1 1 1.0,1.2989,0.0653,1731.154615,330.69,-11.5976,9.0065,1.9251,1.7731,0.1414,7.6154,2.6469,"150,461,538,462",32.1932,IM+SS,IM+SS
TiVCrCuFeMnCoNi,8,Ti V Cr Cu Fe Mn Co Ni,1 1 1 1 1 1 1 1,1.2991,0.0550,1810.97125,271.77,-8.1250,7.2629,2.0794,1.7375,0.1486,7.5000,2.2913,"152,500,000,000",24.8747,IM+SS,IM+SS
Al0.8CrCuFeMn1.5Ni,6 ,Al Cr Cu Fe Mn Ni,0.8 1 1 1 1.5 1,1.2991,0.0505,1603.499365,361.03,-4.2328,6.0344,1.7723,1.7322,0.1471,7.6032,2.4400,"141,396,825,397",32.7678,SS,SS
W6Fe7,2 ,W Fe,6 7,1.2992,0.0483,2680.538462,939.21,0.0000,0.0000,0.6902,2.0746,0.2642,7.0769,0.9970,"234,615,384,615",69.7926,IM,IM
AlCrCuFeMnNi,6 ,Al Cr Cu Fe Mn Ni,1 1 1 1 1 1,1.2993,0.0539,1588.206667,388.58,-5.1111,6.3588,1.7918,1.7433,0.1426,7.5000,2.6300,"141,000,000,000",35.0951,BCC,SS
TiCrFeMnCoNi,6,Ti Cr Fe Mn Co Ni,1 1 1 1 1 1,1.2998,0.0629,1824.5,202.47,-13.4444,7.5143,1.7918,1.7283,0.1518,7.3333,1.9720,"153,333,333,333",28.0872,IM+SS,IM+SS
AlCrFeNiMo0.5,5,Al Cr Fe Ni Mo,1 1 1 1 0.5,1.2999,0.0611,1800.104444,577.58,-11.8519,4.9666,1.5811,1.7978,0.1722,6.6667,2.4495,"155,777,777,778",46.9652,BCC+BCC,SS
CuCoNiCrAl1.8Fe,6 ,Cu Co Ni Cr Al Fe,1 1 1 1 1.8 1,1.3004,0.0613,1547.796471,431.37,-8.0796,6.7192,1.7613,1.7762,0.1273,7.2647,2.9537,"142,176,470,588",41.7284,FCC+BCC,SS
CoFeReRu,4 ,Co Fe Re Ru,1 1 1 1,1.3013,0.0437,2411.25,691.04,-1.5000,1.3110,1.3863,1.9525,0.1452,8.0000,0.7071,"235,000,000,000",80.1561,HCP,SS
AlCoCuNi,4 ,Al Co Cu Ni,1 1 1 1,1.30175,0.058520188,1446.81,336.7777121,-8,6.937218463,1.386294361,1.825,0.124599358,8.25,3.112474899,1.44E+11,42.52058325,FCC+BCC,SS
CoCrFeNiAlNb0.75,6,Co Cr Fe Ni Al Nb,1 1 1 1 1 0.75,1.30273913,0.065024412,1823.125217,523.4340257,-18.02646503,7.477701174,1.786723603,1.754782609,0.127411335,6.913043478,2.430119759,1.55391E+11,37.08713492,BCC+Laves,IM+SS
Al2CrCuFeNi2,5,Al Cr Cu Fe Ni,2 1 1 1 2,1.303428571,0.062974937,1524.53,434.415668,-9.632653061,6.883381307,1.549826046,1.775714286,0.132434042,7.285714286,3.103651569,1.40286E+11,42.58005665,A2+B2,IM
Al0.5CoCrCuFeNiTi1.2 ,7,Al Co Cr Cu Fe Ni Ti,0.5 1 1 1 1 1 1.2,1.303791045,0.067564849,1737.418657,327.6671612,-12.89374025,9.281372585,1.921180321,1.766119403,0.144799967,7.507462687,2.678678301,1.49254E+11,32.44804954,IM+SS,IM+SS
FeCoNiCrCuAl2.0,6 ,Fe Co Ni Cr Cu Al,1 1 1 1 1 2.0,1.3041,0.0626,1530.244286,437.31,-8.6531,6.7508,1.7479,1.7714,0.1284,7.1429,2.9966,"140,285,714,286",42.5801,FCC+(FCC+BCC),SS
Co2Mo1.75Ni2VW1.75,5,Co Mo Ni V W,2 1.75 2 1 1.75,1.3044,0.0420,2436.382353,774.84,-6.7405,3.7057,1.5834,2.0141,0.2306,7.5294,1.9133,"214,705,882,353",53.2605,BCC+FCC+Co7Mo6,IM+SS
Al2CoCrCu0.5FeNi,6 ,Al Co Cr Cu Fe Ni,2 1 1 0.5 1 1,1.3062,0.0646,1543.511538,451.09,-11.5976,6.5843,1.7118,1.7615,0.1281,6.8462,2.9048,"140,307,692,308",44.1873,SS,SS
CrMnFe1.5Ni0.5Al1.2,5 ,Cr Mn Fe Ni Al,1 1 1.5 0.5 1.2,1.3081,0.0603,1615.32,427.39,-11.2870,5.2597,1.5563,1.7004,0.1250,6.4615,2.1791,"137,730,769,231",38.8251,BCC,SS
Al0.5CoCrCuFeNiTi1.4 ,7,Al Co Cr Cu Fe Ni Ti,0.5 1 1 1 1 1 1.4,1.3084,0.0694,1743.319565,324.68,-14.0223,9.4923,1.9135,1.7596,0.1476,7.4058,2.7044,"148,115,942,029",32.6455,IM+SS,IM+SS
CoCrFeNiAl2,5 ,Co Cr Fe Ni Al,1 1 1 1 2,1.3085,0.0668,1558.99,466.18,-15.4444,5.8899,1.5607,1.7500,0.1266,6.5000,2.7538,"140,333,333,333",45.9915,BCC+BCC,SS
AlCoCrCuFeNiTiV,8 ,Al Co Cr Cu Fe Ni Ti V,1 1 1 1 1 1 1 1,1.3094,0.0634,1737.78,392.55,-13.9375,8.7607,2.0794,1.7450,0.1403,7.0000,2.7386,"147,000,000,000",34.4674,FCC+BCC,SS
FeCoNiCrCuAl2.3,6 ,Fe Co Ni Cr Cu Al,1 1 1 1 1 2.3,1.3094,0.0640,1505.719315,444.31,-9.3751,6.7637,1.7255,1.7648,0.1298,6.9726,3.0474,"137,643,835,616",43.6051,FCC+BCC,SS
FeNiCrMnTi,5,Fe Ni Cr Mn Ti,1 1 1 1 1,1.3096,0.0659,1835.8,220.06,-13.2800,7.2335,1.6094,1.6980,0.1488,7.0000,2.0000,"148,000,000,000",27.8568,FCC+BCC+IM,IM+SS
Mo3Si,2 ,Mo Si,3 1,1.3105,0.0694,2593.75,523.51,-26.2500,3.7889,0.5623,2.0950,0.1126,5.5000,0.8660,"197,500,000,000",56.2917,IM,IM
Cu0.5NiAlCoCrFeTi,7 ,Cu Ni Al Co Cr Fe Ti,0.5 1 1 1 1 1 1,1.3108,0.0699,1698.516154,382.77,-17.1834,9.3388,1.9251,1.7508,0.1425,7.0000,2.7175,"145,538,461,538",37.8186,AM,AM
Co0.5Cr0.5Fe0.5NiAlMnV0.5,7 ,Co Cr Fe Ni Al Mn V,0.5 0.5 0.5 1 1 1 0.5,1.3113,0.0556,1630.294,409.18,-15.9600,6.5994,1.8867,1.7140,0.1426,6.8000,2.4413,"142,200,000,000",39.2983,BCC,SS
CoCrCuFeNiZr ,6,Co Cr Cu Fe Ni Zr,1 1 1 1 1 1,1.3113,0.0999,1828.795,273.53,-14.4444,12.0070,1.7918,1.7517,0.2065,8.0000,2.3805,"150,138,888,889",38.0071,AM+IM,AM+IM
AlMnSi,3 ,Al Mn Si,1 1 1,1.311666667,0.089262097,1379.823333,322.9855246,-36.88888889,8.855725171,1.098612289,1.686666667,0.152825245,4.666666667,1.699673171,98666666667,17.98765008,IM,IM
Co0.5Cr0.5Fe0.5NiAlMnV,7 ,Co Cr Fe Ni Al Mn V,0.5 0.5 0.5 1 1 1 1,1.311727273,0.052998247,1680.54,421.2518006,-16.26446281,6.612621834,1.893788232,1.706363636,0.138056163,6.636363636,2.3845231,1.43818E+11,37.81730768,BCC,SS
CuCoNiCrAl2.5Fe,6 ,Cu Co Ni Cr Al Fe,1 1 1 1 2.5 1,1.3127,0.0648,1490.459333,447.94,-9.7778,6.7537,1.7095,1.7607,0.1305,6.8667,3.0739,"136,000,000,000",44.1513,FCC+BCC,SS
Al0.5CoCrCuFeNiTi1.6 ,7,Al Co Cr Cu Fe Ni Ti,0.5 1 1 1 1 1 1.6,1.3127,0.0709,1748.888028,321.75,-15.0050,9.6508,1.9030,1.7534,0.1500,7.3099,2.7249,"147,042,253,521",32.7945,IM+SS,IM+SS
Ti2CrCuFeCoNi,6 ,Ti Cr Cu Fe Co Ni,2 1 1 1 1 1,1.3127,0.0724,1818.11,234.14,-14.0408,9.4813,1.7479,1.7514,0.1548,7.4286,2.6108,"150,000,000,000",28.2843,IM,IM
CoCrCuFeNiTi2,6,Co Cr Cu Fe Ni Ti,1 1 1 1 1 2,1.3127,0.0724,1818.11,234.14,-14.0408,9.4813,1.7479,1.7514,0.1548,7.4286,2.6108,"150,000,000,000",28.2843,AM+IM,AM+IM
Ti2CrCuFeCoNi,6,Ti Cr Cu Fe Co Ni,2 1 1 1 1 1,1.3127,0.0724,1818.11,234.14,-14.0408,9.4813,1.7479,1.7514,0.1548,7.4286,2.6108,"150,000,000,000",28.2843,IM+SS,IM+SS
CoCrCuFeZr0.8 ,5,Co Cr Cu Fe Zr,1 1 1 1 0.8,1.3128,0.0993,1837.327083,295.98,-9.6875,10.4841,1.6058,1.7363,0.2011,7.7500,2.3496,"147,222,222,222",36.7334,AM+IM,AM+IM
AlCoCrFeNiTi,6,Al Co Cr Fe Ni Ti,1 1 1 1 1 1,1.3135,0.0722,1726.911667,385.02,-21.5556,9.1136,1.7918,1.7383,0.1414,6.6667,2.5604,"146,000,000,000",39.3277,BCC+B2,IM+SS
AlTiVCrCuFeMnCoNi,9,Al Ti V Cr Cu Fe Mn Co Ni,1 1 1 1 1 1 1 1 1,1.3139,0.0603,1713.471111,376.43,-12.7407,8.2354,2.1972,1.7233,0.1458,7.0000,2.5820,"144,000,000,000",33.5857,SS,SS
Cu16Mg6Si7,3 ,Cu Mg Si,16 6 7,1.3147,0.1179,1347.286897,255.27,-16.6849,5.1405,0.9972,1.7779,0.2390,7.4483,3.9964,"110,689,655,172",37.3410,IM,IM
AlCoCrCuFeMoNiTiV,9 ,Al Co Cr Cu Fe Mo Ni Ti V Zr,1 1 1 1 1 1 1 1 1,1.3153,0.0609,1866.471111,519.10,-11.2099,8.3174,2.1972,1.7911,0.1857,6.8889,2.6010,"156,222,222,222",41.6701,SS,SS
Al0.5CoCrCuFeNiTi1.8 ,7,Al Co Cr Cu Fe Ni Ti,0.5 1 1 1 1 1 1.8,1.3168,0.0721,1754.15137,318.85,-15.8604,9.7656,1.8904,1.7475,0.1520,7.2192,2.7411,"146,027,397,260",32.9025,IM+SS,IM+SS
FeCoNiCrCuAl2.8,6 ,Fe Co Ni Cr Cu Al,1 1 1 1 1 2.8,1.3173,0.0657,1469.036667,452.11,-10.2827,6.7168,1.6845,1.7549,0.1312,6.7179,3.1046,"133,692,307,692",44.8051,FCC+BCC,SS
Cu3MgSi,3 ,Cu Mg Si,3 1 1,1.3176,0.1136,1336.662,242.98,-14.7200,4.8755,0.9503,1.7820,0.2360,7.8000,3.9699,"113,000,000,000",37.3631,IM,IM
FeNiCrCoAl2.5,5 ,Fe Ni Cr Co Al,1 1 1 1 2.5 ,1.318,0.068416796,1510.873077,477.9042626,-16.09467456,5.773695577,1.519382665,1.739230769,0.127246674,6.230769231,2.805320389,1.35385E+11,47.3961025,BCC,SS
AlCrCuFeNiTi,6 ,Al Cr Cu Fe Ni Ti,1 1 1 1 1 1,1.3180,0.0701,1658.54,407.42,-13.6667,9.2386,1.7918,1.7417,0.1448,7.0000,2.9439,"139,333,333,333",36.2706,FCC+BCC,SS
AuCu3,2 ,Au Cu,1 3,1.3190,0.0538,1352.66,8.85,-6.7500,0.9743,0.5623,2.0600,0.2771,11.0000,0.0000,"160,000,000,000",34.6410,IM,IM
Pd75Si25,2 ,Pd Si,75 25,1.3195,0.0729,1792.7875,61.08,-41.2500,5.9539,0.5623,2.1250,0.1299,8.5000,2.5981,"160,000,000,000",34.6410,AM,AM
FeCoNiCrCuAl3,6 ,Fe Co Ni Cr Cu Al,1 1 1 1 1 3.0,1.3201,0.0661,1455.6475,454.19,-10.5625,6.6802,1.6675,1.7513,0.1315,6.6250,3.1200,"132,250,000,000",45.1491,FCC+BCC,SS
Al0.5CoCrCuFeNiTi2.0 ,7,Al Co Cr Cu Fe Ni Ti,0.5 1 1 1 1 1 2.0,1.3207,0.0731,1759.134,316.01,-16.6044,9.8435,1.8763,1.7420,0.1536,7.1333,2.7536,"145,066,666,667",32.9757,IM+SS,IM+SS
CoZn,2 ,Co Zn,1 1,1.323,0.054421769,1230.34,537.66,-5,0,0.693147181,1.765,0.115,10.5,1.5,1.25E+11,55,IM,IM
CrCuFeNiZr,5 ,Cr Cu Fe Ni Zr,1 1 1 1 1,1.3234,0.1061,1840.954,298.15,-14.4000,11.9392,1.6094,1.7260,0.2173,7.8000,2.5612,"144,166,666,667",38.9801,BCC,SS
AlCoCrFeNiTi1.5,6,Al Co Cr Fe Ni Ti,1 1 1 1 1 1.5,1.3249,0.0750,1743.38,374.29,-23.9053,9.6519,1.7782,1.7231,0.1457,6.4615,2.5605,"143,230,769,231",38.9835,IM+SS,IM+SS
Al2TiVCrCuFeMnCoNi,9,Al Ti V Cr Cu Fe Mn Co Ni,2 1 1 1 1 1 1 1 1,1.3257,0.062715627,1635.471,426.9517463,-15.44,8.589318017,2.163955657,1.712,0.14239382,6.6,2.727636339,1.372E+11,37.83331865,SS,SS
Au29Ag5.5Pd2.3Cu26.9Si16.3,5 ,Au Ag Pd Cu Si,29 5.5 2.3 26.9 16.3,1.3263,0.0853,1422.516413,159.50,-21.8773,7.5905,1.3446,2.1427,0.3037,9.5450,2.8099,"159,250,000,000",49.3096,AM,AM
CuNiTi,3 ,Cu Ni Ti,1 1 1,1.328666667,0.071637003,1675.59,240.9694508,-17.77777778,9.706389224,1.098612289,1.783333333,0.172111075,8.333333333,3.091206165,1.43333E+11,28.67441756,IM,IM
Cu2GeLi,3 ,Cu Ge Li,2 1 1,1.32875,0.083485233,1095.1575,375.1411477,-16.875,6.375995633,1.039720771,1.6975,0.416675833,6.75,4.380353867,72750000000,67.36235967,IM,IM
Cu17Sn3,2 ,Cu Sn,17 3,1.3293,0.091866716,1229.8665,304.4712303,3.57,1.224754975,0.422709088,1.909,0.021424285,9.95,2.49949995,1.277E+11,29.27985656,IM,IM
Pd77Cu6Si17,3 ,Pd Cu Si,77 6 17,1.3314,0.0630,1775.8547,118.02,-32.1604,9.2351,0.6713,2.1310,0.1262,9.0400,2.2931,"164,000,000,000",30.4631,AM,AM
Ni60Nb20Hf5Ti15,4 ,Ni Nb Hf Ti,60 20 5 15,1.3316,0.0819,2003.25,412.56,-31.6400,7.6628,1.0627,1.7620,0.1909,7.8000,2.7129,"164,000,000,000",27.2764,AM,AM
AlCrMoSiTi,5,Al Cr Mo Si Ti,1 1 1 1 1,1.3318,0.08678293,1927.494,639.9791623,-34.08,14.82886914,1.609437912,1.774,0.227824494,4.6,1.2,1.352E+11,54.73719028,B2+Mo5Si3,IM
Pd77.5Cu6Si16.5,3 ,Pd Cu Si,77.5 6 16.5,1.33255,0.062310989,1776.55995,117.903619,-31.4889,9.297977809,0.663644754,2.1325,0.125274698,9.07,2.266075903,1.644E+11,30.14365605,AM,AM
Ni60Nb15Hf5Ti20,4 ,Ni Nb Hf Ti,60 15 5 20,1.3333,0.0830,1962.8,375.34,-32.2800,7.7289,1.0627,1.7590,0.1939,7.7500,2.7726,"161,000,000,000",29.6479,AM,AM
Cu4In,2 ,Cu In,4 1,1.3344,0.084532374,1172.166,371.208,6.4,1.44,0.500402424,1.876,0.048,9.4,3.2,1.18666E+11,42.668,IM,IM
Cr2Mn11,2 ,Cr Mn,2 11,1.334461538,0.027307585,1620.692308,238.4896013,1.041420118,0.345856783,0.429323022,1.566923077,0.039688133,6.846153846,0.360801212,1.26154E+11,14.43204849,IM,IM
AlCu2Mn,3 ,Al Cu Mn,1 2 1,1.3345,0.0476,1292.0025,217.21,-3.2500,4.7652,1.0397,1.7400,0.1614,8.0000,3.3166,"119,000,000,000",26.1343,IM,IM
Ni60Nb10Hf5Ti25,4 ,Ni Nb Hf Ti,60 10 5 25,1.3349,0.084158165,1922.35,329.0637134,-32.96,7.386904088,1.033114088,1.756,0.196784146,7.7,2.83019434,1.58E+11,31.55946768,AM,AM
Pd82Si18,2 ,Pd Si,82 18,1.33504,0.063885438,1802.661,54.18964042,-32.472,8.654974969,0.471393487,2.146,0.115256236,8.92,2.305124725,1.656E+11,30.73499634,AM,AM
Al5Hf4Ni16,3 ,Al Hf Ni,5 4 16,1.3363,0.0958,1693.574,471.08,-33.4592,5.0259,0.9007,1.7524,0.2296,7.6400,3.1608,"148,000,000,000",43.8543,IM,IM
Au46Ag5Cu29Si20,4 ,Au Ag Cu Si,46 5 29 20,1.33679,0.086708413,1408.0716,141.7564671,-21.4864,6.431312728,1.187861003,2.1959,0.317654199,9.6,2.8,1.668E+11,51.24217013,AM,AM
AlCoCrFeNiZr,6,Al Co Cr Fe Ni Zr,1 1 1 1 1 1,1.337,0.102379003,1758.078333,407.9711354,-27.55555556,12.52339375,1.791759469,1.703333333,0.19997222,6.666666667,2.560381916,1.39472E+11,47.21997544,AM+IM,AM+IM
Ni60Nb20Hf10Ti10,4 ,Ni Nb Hf Ti,60 20 10 10,1.3374,0.088571907,2031.5,426.4385653,-32.4,8.203072595,1.088899975,1.75,0.21099763,7.8,2.712931993,1.64E+11,27.27636339,AM,AM
Ni50Nb50,2 ,Ni Nb,50 50,1.3375,0.068411215,2239,511,-30,0,0.693147181,1.755,0.155,7.5,2.5,1.75E+11,5,AM,AM
Ni50Nb20Hf2.5Ti17.5,4 ,Ni Nb Hf Ti,50 20 2.5 17.5,1.3379,0.0789,2018.138889,416.61,-32.0864,8.1716,1.0788,1.7522,0.1828,7.5556,2.7532,"162,222,222,222",28.1968,AM,AM
BeCuNiTiVZr,6,Be Cu Ni Ti V Zr,1 1 1 1 1 1,1.3388,0.1150,1816.295,297.46,-24.8889,12.6750,1.7918,1.6467,0.2047,6.0000,3.3166,"131,805,555,556",35.0741,AM+IM,AM+IM
AlNi,2 ,Al Ni,1 1,1.339,0.069454817,1330.735,397.265,-22,0,0.693147181,1.76,0.15,6.5,3.5,1.28E+11,52,IM,IM
Ni60Nb15Hf10Ti15,4 ,Ni Nb Hf Ti,60 15 10 15,1.3391,0.0896,1991.05,393.46,-33.0600,8.4042,1.1059,1.7470,0.2135,7.7500,2.7726,"161,000,000,000",29.6479,AM,AM
Cu2Ti,2 ,Cu Ti,2 1,1.3393,0.0648,1552.18,274.94,-8.0000,0.4714,0.6365,1.7800,0.1697,8.6667,3.2998,"130,000,000,000",14.1421,IM,IM
Ni3Sn,2 ,Ni Sn,3 1,1.3395,0.1209,1422.27,529.54,-3.0000,0.4330,0.5623,1.9225,0.0217,8.5000,2.5981,"149,500,000,000",52.8275,IM,IM
AlBeTi,3 ,Al Be Ti,1 1 1,1.3407,0.1125,1478.156667,415.37,-26.6667,9.0267,1.0986,1.5733,0.0287,3.0000,0.8165,"105,333,333,333",22.2910,IM,IM
SmFe6Ti6N,4 ,Sm Fe Ti N,1 6 6 1,1.3413,0.1687,1708.585714,480.10,-48.8163,33.9872,1.1033,1.7450,0.4056,5.7143,2.0152,"122,714,285,714",51.1447,IM,IM
AlCo,2 ,Al Co,1 1,1.3415,0.0675,1350.735,417.27,-19.0000,0.0000,0.6931,1.7450,0.1350,6.0000,3.0000,"128,000,000,000",52.0000,IM,IM
Ni55Nb20Hf5Ti20,4 ,Ni Nb Hf Ti,55 20 5 20,1.3424,0.0824,2013.9,408.04,-32.7400,8.7314,1.1224,1.7435,0.1936,7.5000,2.7839,"160,500,000,000",29.4066,AM,AM
Cu51Hf14,2 ,Cu Hf,51 14,1.3426,0.0919,1605.081077,472.02,-11.4916,2.2644,0.5210,1.7708,0.2467,9.4923,2.8776,"133,538,461,538",12.3327,IM,IM
Ni60Nb20Hf15Ti5,4 ,Ni Nb Hf Ti,60 20 15 5,1.3432,0.0945,2059.75,438.06,-33.1600,8.3886,1.0627,1.7380,0.2287,7.8000,2.7129,"164,000,000,000",27.2764,AM,AM
Ti1Zr1Cu1Ni1Be1,5 ,Ti Zr Cu Ni Be,1 1 1 1 1,1.3434,0.12527682,1742.954,271.8621497,-30.24,13.75624367,1.609437912,1.65,0.224053565,6.2,3.6,1.26167E+11,35.85309533,AM,AM
AlFe2Ti,3 ,Al Fe Ti,1 2 1,1.3440,0.0770,1624.1175,402.26,-21.5000,4.5638,1.0397,1.7025,0.1299,5.7500,2.2776,"131,500,000,000",40.3330,IM,IM
Al13Cr4Si4,3 ,Al Cr Si,13 4 4,1.3440,0.0863,1314.43381,508.91,-19.0476,4.6201,0.9286,1.6748,0.1109,3.7619,1.1508,"96,571,428,571",32.1019,IM,IM
Au52Pd2.3Cu29.2Si16.5,4 ,Au Pd Cu Si,52 2.3 29.2 16.5,1.344886,0.082487017,1412.28059,142.1877227,-20.634916,6.170784807,1.083554817,2.2397,0.315699081,9.822,2.592357228,1.7592E+11,48.35859386,AM,AM
Al4Cu5,2 ,Al Cu,4 5,1.346444444,0.056833548,1169.192222,210.8363651,-0.987654321,0.006134617,0.686961577,1.771111111,0.144102159,7.444444444,3.97523196,1.11556E+11,31.80185568,IM,IM
AlNi2Ti,3 ,Al Ni Ti,1 2 1,1.3465,0.075052471,1582.6175,384.7410284,-36,5.184110338,1.039720771,1.7425,0.169318487,6.75,3.269174208,1.365E+11,45.13036672,IM,IM
Cu51Zr14,2 ,Cu Zr,51 14,1.3480,0.0991,1523.665692,316.63,-15.5475,3.0637,0.5210,1.7772,0.2343,9.4923,2.8776,"125,102,564,103",28.4336,IM,IM
Ti50Cu20Ni24Si4B2,5 ,Ti Cu Ni Si B,50 20 24 4 2,1.34816,0.096916084,1771.214,236.6143292,-29.8816,11.90449196,1.217964591,1.7252,0.186174542,6.82,3.241542843,1.366E+11,39.17192872,AM,AM
Ni55Nb20Hf10Ti15,4 ,Ni Nb Hf Ti,55 20 10 15,1.3482,0.0886,2042.15,421.36,-33.4300,9.3797,1.1655,1.7315,0.2124,7.5000,2.7839,"160,500,000,000",29.4066,AM,AM
Al31Cu16Ni14,3 ,Al Cu Ni,31 16 14,1.348918033,0.063157393,1227.112951,325.3895924,-9.833915614,6.259918961,1.032811151,1.754918033,0.147355074,6.704918033,3.782376139,1.16656E+11,43.63292682,IM,IM
Mg2Ni9Y,3 ,Mg Ni Y,2 9 1,1.3515,0.139676664,1599.75,303.2757615,-10.08333333,5.674648008,0.721463687,1.7525,0.273621545,8.083333333,3.328120925,1.45917E+11,59.04159315,IM,IM
Cu3Ti2,2 ,Cu Ti,3 2,1.3516,0.0667,1591.062,285.72,-8.6400,0.1764,0.6730,1.7560,0.1764,8.2000,3.4293,"128,000,000,000",14.6969,IM,IM
Ni50Nb20Hf5Ti25,4 ,Ni Nb Hf Ti,50 20 5 25,1.3532,0.082227802,2024.55,403.1889724,-33.14,9.625171219,1.164821377,1.725,0.194486503,7.2,2.821347196,1.57E+11,31,AM,AM
Al3Nb10Ni9,3 ,Al Nb Ni,3 10 9,1.3545,0.0667,2084.200455,658.76,-31.6860,4.1680,0.9957,1.7282,0.1513,6.7727,2.7623,"161,272,727,273",34.2002,IM,IM
Al4(TiVCrCuFeMnCoNi)6,9,Al Ti V Cr Cu Fe Mn Co Ni,6 1 1 1 1 1 1 1 1,1.3561,0.0628,1434.899286,480.39,-18.3265,7.7443,1.8712,1.6829,0.1289,5.5714,2.8212,"119,714,285,714",42.2703,IM+SS,IM+SS
CoTi,2 ,Co Ti,1 1,1.3565,0.077773682,1854.5,86.5,-28,0,0.693147181,1.71,0.17,6.5,2.5,1.45E+11,35,IM,IM
Cu4Ti3,2 ,Cu Ti,4 3,1.356857143,0.067108307,1607.725714,288.6239979,-8.816326531,0.090894795,0.682908105,1.745714286,0.178153797,8,3.464101615,1.27143E+11,14.84614978,IM,IM
Cu10Sn3,2 ,Cu Sn,10 3,1.3569,0.1062,1160.995385,359.26,4.9704,0.8551,0.5402,1.9138,0.0253,9.3846,2.9493,"121,076,923,077",34.5487,IM,IM
Ni57Zr20Ti13Pd10,4 ,Ni Zr Ti Pd,57 20 13 10,1.35838,0.105634554,1845.695,158.2619892,-43.378,14.71108738,1.137782583,1.7749,0.274289974,8.02,2.821276307,1.49067E+11,45.42687653,AM,AM
Ni50Nb20Hf10Ti20,4 ,Ni Nb Hf Ti,50 20 10 20,1.3590,0.0879,2052.8,415.94,-33.7600,10.3646,1.2206,1.7130,0.2121,7.2000,2.8213,"157,000,000,000",31.0000,AM,AM
Al9Mn4Si3,3 ,Al Mn Si,9 4 3,1.3591875,0.077075001,1221.139375,330.7893209,-27.140625,5.591037455,0.984086503,1.649375,0.122956738,4.1875,1.666536453,91500000000,18.75499933,IM,IM
Ti50Ni20Cu25Sn3Be7,5 ,Ti Ni Cu Sn Be,50 20 25 3 7,1.359295238,0.088739237,1695.138,312.6839823,-20.99229025,9.221529075,1.292961309,1.710190476,0.18184756,6.676190476,3.410055824,1.30324E+11,28.95661623,AM,AM
AuCu,2 ,Au Cu,1 1,1.36,0.060294118,1347.55,10.22,-9,0,0.693147181,2.22,0.32,11,0,1.8E+11,40,IM,IM
Ni57Zr20Ti16Pd7,4 ,Ni Zr Ti Pd,57 20 16 7,1.36099,0.106215111,1849.0835,159.0551043,-43.12,13.45725043,1.121656603,1.7551,0.266602682,7.84,2.88,1.46967E+11,45.56611802,AM,AM
AlCrMnTiV,5 ,Al Cr Mn Ti V,1 1 1 1 1,1.3618,0.056812817,1751.294,475.1723621,-14.88,6.897721363,1.609437912,1.598,0.04621688,5,1.414213562,1.252E+11,31.93994364,B2,IM
AlCu2Ti,3 ,Al Cu Ti,1 2 1,1.3625,0.062505012,1397.5025,358.4246911,-12.5,6.099436449,1.039720771,1.7375,0.164373812,7.25,3.766629793,1.165E+11,26.39602243,IM,IM
Ni57Zr20Ti18Pd5,4 ,Ni Zr Ti Pd,57 20 18 5,1.36273,0.106578606,1851.3425,159.5416805,-42.688,12.48852104,1.100745697,1.7419,0.260517543,7.72,2.912318664,1.45567E+11,45.60501922,AM,AM
Pd95Si5,2 ,Pd Si,95 5,1.3639,0.035474579,1820.9975,30.7411348,-10.45,9.709447397,0.198515243,2.185,0.065383484,9.7,1.307669683,1.76E+11,17.43559577,AM,AM
MgNi2,2 ,Mg Ni,1 2,1.364333333,0.122659618,1459.666667,379.4806392,-3.555555556,0.20951312,0.636514168,1.71,0.282842712,7.333333333,3.771236166,1.35E+11,63.63961031,IM,IM
Ni62Zr28Nb7Al3,4 ,Ni Zr Nb Al,62 28 7 3,1.36435,0.11603108,1887.7041,333.6867065,-42.1864,8.071584948,0.944157525,1.7169,0.257548811,7.76,2.877915913,1.45613E+11,49.85878324,AM,AM
Ni61Zr27Nb8Al4,4 ,Ni Zr Nb Al,61 27 8 4,1.36447,0.114571912,1885.9788,356.4442952,-42.07,8.519775241,0.985854077,1.7166,0.254386399,7.7,2.896549672,1.45565E+11,49.72482554,AM,AM
Ni61Zr27Nb7Al5,4 ,Ni Zr Nb Al,61 27 7 5,1.3645,0.114578677,1867.8135,358.2317145,-42.4148,8.322971128,0.990975569,1.7167,0.254342505,7.68,2.921917179,1.44625E+11,50.14077059,AM,AM
Cu9In4,2 ,Cu In,9 4,1.364769231,0.095366926,1072.225385,428.3169231,8.520710059,0.682749203,0.61724177,1.863076923,0.055384615,8.538461538,3.692307692,1.07178E+11,49.23230769,IM,IM
Ti50Ni24Cu20BSi2Sn3,6 ,Ti Ni Cu B Si Sn,50 24 20 1 2 3,1.3655,0.090987912,1729.1464,314.3896565,-25.9576,10.7893477,1.240457997,1.7256,0.186313285,6.83,3.231269101,1.3314E+11,36.6696114,AM,AM
Ni57.5Zr24Nb11Al7.5,4 ,Ni Zr Nb Al,57.5 24 11 7.5,1.36576,0.109887013,1876.83025,422.4791601,-41.7726,9.638342766,1.097774715,1.7142,0.244375449,7.485,2.956311046,1.449E+11,49.50107743,AM,AM
Al4Cu3,2 ,Al Cu,4 3,1.366,0.055790802,1115.312857,209.974045,-0.979591837,0.010099422,0.682908105,1.734285714,0.143512781,6.428571429,3.958973274,1.03429E+11,31.6717862,IM,IM
Ni60Zr27Nb8Al5,4 ,Ni Zr Nb Al,60 27 8 5,1.36633,0.114185823,1878.0335,368.5275633,-42.4704,8.718633256,1.011860276,1.7136,0.253856337,7.63,2.924568344,1.44525E+11,50.08005466,AM,AM
Cu54Zr27Ti9Be10,4 ,Cu Zr Ti Be,54 27 9 10,1.36731,0.117564223,1638.4458,340.7397714,-20.8872,7.458442787,1.133234126,1.6807,0.249368222,7.58,3.747479153,1.17625E+11,29.69927398,AM,AM
AuSb2,2 ,Au Sb,1 2,1.367333333,0.03861334,1048.296667,204.37743,-3.555555556,0.20951312,0.636514168,2.213333333,0.230988215,7,2.828427125,1.01333E+11,83.9100047,IM,IM
Ni60Zr28Nb7Al5,4 ,Ni Zr Nb Al,60 28 7 5,1.36807,0.115247253,1871.8135,358.8808343,-43.0104,8.479275566,0.99886058,1.7109,0.256472591,7.62,2.935234233,1.43533E+11,50.54545809,AM,AM
Al2Fe,2 ,Al Fe,2 1,1.3683,0.0658,1225.98,413.67,-9.7778,0.5762,0.6365,1.6833,0.1037,4.6667,2.3570,"107,333,333,333",44.3120,IM,IM
Cu5Ce,2 ,Cu Ce,5 1,1.369166667,0.148889736,1309.975,106.872869,-11.66666667,3.478327965,0.450561209,1.77,0.290688837,9.666666667,2.98142397,1.20333E+11,43.97600356,IM,IM
Ni57.5Zr26Nb9Al7.5,4 ,Ni Zr Nb Al,57.5 26 9 7.5,1.36924,0.112094334,1864.39025,405.3974639,-42.8506,9.407681795,1.079420803,1.7088,0.249763008,7.465,2.976369433,1.42917E+11,50.43352335,AM,AM
Cu47Ti33Zr11Ni8Si,5 ,Cu Ti Zr Ni Si,47 33 11 8 1,1.37066,0.087681274,1667.8719,305.6079358,-16.8852,8.332451119,1.211629515,1.7193,0.214155341,7.77,3.420102338,1.25292E+11,27.40270034,AM,AM
Cu2In,2 ,Cu In,2 1,1.372,0.096892183,1048.43,437.4728234,8.888888889,0.523782801,0.636514168,1.86,0.056568542,8.333333333,3.771236166,1.04443E+11,50.28472023,IM,IM
Ti45Cu25Ni15Sn3Be7Zr5,6 ,Ti Cu Ni Sn Be Zr,45 25 15 3 7 5,1.37201,0.09479659,1702.8449,329.9886573,-21.198,9.756478121,1.431601604,1.6897,0.195153555,6.51,3.410263919,1.25882E+11,29.89304355,AM,AM
Ni57.5Zr28Nb7Al7.5,4 ,Ni Zr Nb Al,57.5 28 7 7.5,1.37272,0.114180352,1851.95025,387.1641249,-43.9414,9.015860877,1.055045141,1.7034,0.25492242,7.445,2.996160042,1.40933E+11,51.27237723,AM,AM
Cu47Ti34Zr11Ni8,4 ,Cu Ti Zr Ni,47 34 11 8,1.37375,0.086264529,1670.4119,306.8095331,-15.4404,7.281925809,1.166514431,1.7157,0.214113311,7.77,3.420102338,1.25392E+11,27.32836718,AM,AM
Ti50Ni15Cu32Sn3,4 ,Ti Ni Cu Sn,50 15 32 3,1.37546,0.07656994,1679.3388,330.2197274,-16.5552,7.826990087,1.100957296,1.7233,0.183575897,7.14,3.349686553,1.2854E+11,27.57514098,AM,AM
Ni57.5Zr30Nb5Al7.5,4 ,Ni Zr Nb Al,57.5 30 5 7.5,1.3762,0.116152692,1839.51025,367.6078185,-45.045,8.423596153,1.023445004,1.698,0.259867274,7.425,3.015688147,1.3895E+11,52.02216675,AM,AM
AlCrNbTiV,5 ,Al Cr Nb Ti V,1 1 1 1 1,1.3776,0.059023492,1997.494,594.8655042,-14.56,6.814736972,1.609437912,1.608,0.039698866,4.6,1.019803903,1.352E+11,36.2789195,B2,IM
Ti53Cu27Ni12Zr3Al7Si3B,7 ,Ti Cu Ni Zr Al Si B,53 27 12 3 7 3 1,1.377886792,0.086004211,1703.736604,326.9562137,-24.8508366,10.91405203,1.366788232,1.687169811,0.185603324,6.386792453,3.306856099,1.2391E+11,33.60189122,AM,AM
CuTiZn,3 ,Cu Ti Zn,1 1 1,1.378333333,0.055165568,1330.483333,509.9896255,-10.22222222,4.086009453,1.098612289,1.696666667,0.150628314,9,3.559026084,1.06667E+11,28.67441756,IM,IM
Ni57.5Zr32Nb3Al7.5,4 ,Ni Zr Nb Al,57.5 32 3 7.5,1.37968,0.118018115,1827.07025,346.504617,-46.1614,7.564065035,0.982282257,1.6926,0.264609599,7.405,3.034958814,1.36967E+11,52.6866945,AM,AM
Al5Co2,2 ,Al Co,5 2,1.380285714,0.059239521,1171.907143,377.0022251,-15.51020408,1.576529096,0.598269589,1.687142857,0.121973567,4.714285714,2.710523709,1.05714E+11,46.98241095,IM,IM
Al2Cu,2 ,Al Cu,2 1,1.380666667,0.05258061,1074.903333,200.0169382,-0.888888889,0.05237828,0.636514168,1.706666667,0.136707311,5.666666667,3.771236166,97333333333,30.16988933,IM,IM
Ti50Ni20Cu25Sn5,4 ,Ti Ni Cu Sn,50 20 25 5,1.3807,0.08076088,1680.7965,359.8618612,-19.61,8.772941482,1.164821377,1.725,0.185404962,6.95,3.278337994,1.289E+11,31.35267134,AM,AM
Cu54Ni6Zr22Ti18,4 ,Cu Ni Zr Ti,54 6 22 18,1.3807,0.099427646,1654.4158,334.6187713,-18.0096,7.428526763,1.143316977,1.7104,0.242618713,8.14,3.388273897,1.21783E+11,31.28320902,AM,AM
AlSb,2 ,Al Sb,1 1,1.381,0.036929761,918.625,14.845,2,0,0.693147181,1.83,0.22,4,1,59000000000,17,IM,IM
MoNbTaVW,5 ,Mo Nb Ta V W,1 1 1 1 1,1.381,0.031480181,2962.8,510.100147,-4.64,2.219693673,1.609437912,1.85,0.343394817,5.4,0.489897949,2.14E+11,53.88877434,BCC,SS
AlCoCu,3 ,Al Co Cu,7 1 2,1.3831,0.054240906,1101.783,278.0662945,-5.4,4.272797678,0.801818553,1.695,0.129942295,5.2,3.4,99200000000,36.91287038,IM,IM
Ni57.5Zr35Al7.5,3 ,Ni Zr Al,57.5 35 7.5,1.3849,0.120628776,1808.41025,311.2555795,-47.86,5.430658731,0.879904293,1.6845,0.27136645,7.375,3.063392727,1.33992E+11,53.53045538,AM,AM
Cu2Mg,2 ,Cu Mg,2 1,1.385666667,0.109884768,1212.846667,204.9525435,-2.666666667,0.15713484,0.636514168,1.703333333,0.278128667,8,4.242640687,1.08333E+11,44.78342948,IM,IM
Al9Mn11,2 ,Al Mn,9 11,1.3869,0.02941415,1255.5115,291.297497,-18.81,0.094523807,0.688138814,1.577,0.029849623,5.2,1.989974874,1.002E+11,21.88972362,IM,IM
Al8V5,2 ,Al V,8 5,1.387384615,0.040676892,1414.058462,607.9016623,-15.14792899,0.41453617,0.666278442,1.617692308,0.009730085,3.769230769,0.973008511,1.08308E+11,40.86635745,IM,IM
Cu4Ce,2 ,Cu Ce,4 1,1.3874,0.15770506,1300.416,114.708,-13.44,3.024,0.500402424,1.744,0.312,9.4,3.2,1.164E+11,47.2,IM,IM
Cu4MgSn,3 ,Cu Mg Sn,4 1 1,1.388833333,0.112927833,1143.193333,326.5594162,0.777777778,2.922876986,0.867563228,1.811666667,0.225419362,8.333333333,3.815174381,1.105E+11,41.88774682,IM,IM
CuGeLi2,3 ,Cu Ge Li,1 1 2,1.389,0.094090991,869.1375,418.658151,-22.625,8.012014903,1.039720771,1.4675,0.489048822,4.25,4.08503366,40500000000,57.62161053,IM,IM
Al13Co4,2 ,Al Co,13 4,1.389411765,0.055258661,1129.83,353.9930242,-13.67474048,2.25888191,0.545594574,1.673529412,0.114529276,4.411764706,2.545095018,1.00471E+11,44.11498031,IM,IM
Al2Li3Si2,3 ,Al Li Si,2 3 2,1.389571429,0.110750648,943.1442857,510.6755084,6.530612245,11.58595594,1.078992208,1.422857143,0.398881088,2.428571429,1.293626448,55000000000,39.16995933,IM,IM
AlMn,2 ,Al Mn,1 1,1.391,0.029475198,1226.235,292.765,-19,0,0.693147181,1.58,0.03,5,2,98000000000,22,IM,IM
Cu60Zr20Hf10Ti10,4 ,Cu Zr Hf Ti,60 20 10 10,1.3914,0.103280651,1684.962,421.2542965,-17.28,4.79315512,1.088899975,1.69,0.264272587,8.2,3.42928564,1.20167E+11,27.26617766,AM,AM
Al2FeTi,3 ,Al Fe Ti,2 1 1,1.39175,0.063152898,1404.735,473.5010034,-24.75,5.552659836,1.039720771,1.6475,0.109173028,4.5,2.061552813,1.08E+11,38.39270764,IM,IM
Ni46Ti20Zr23Al12,4 ,Ni Ti Zr Al,46 20 23 12,1.3922,0.1041,1766.867723,344.84,-45.3014,11.7672,1.2689,1.6690,0.2373,6.6139,3.1117,"128,922,442,244",48.5830,AM,AM
Al11Cu11Mg4,3 ,Al Cu Mg,11 11 4,1.392846154,0.081527091,1111.370769,211.0329994,-2.017751479,0.498221076,1.015832175,1.686538462,0.208731375,6.230769231,4.097914031,98307692308,37.1905377,IM,IM
Zr17Ta16Ti19Nb22Si26,5 ,Zr Ta Ti Nb Si,17 16 19 22 26,1.39325,0.110918364,2300.57,573.2209741,-48.6432,24.36215874,1.593331876,1.6047,0.195076677,4.38,0.485386444,1.28342E+11,45.14828885,AM,AM
Cu60Zr30Ti10,3 ,Cu Zr Ti,60 30 10,1.3939,0.105535828,1647.162,358.1120907,-18.72,4.413521043,0.897945725,1.693,0.259963459,8.2,3.42928564,1.1625E+11,31.00235206,AM,AM
AlRe2,2 ,Al Re,1 2,1.394,0.019275508,2617.156667,1190.546259,-8,0.471404521,0.636514168,1.803333333,0.136707311,5.666666667,1.885618083,2.72E+11,138.5929291,IM,IM
CaCu5,2 ,Ca Cu,1 5,1.394333333,0.186561732,1317.308333,90.47503715,-7.222222222,2.153250645,0.450561209,1.75,0.335410197,9.5,3.354101966,1.195E+11,45.83939354,IM,IM
Al3Ru2,2 ,Al Ru,3 2,1.3944,0.033025249,1602.882,819.8589138,-20.16,0.411514277,0.673011667,1.846,0.28903979,5,2.449489743,1.336E+11,70.54530459,IM,IM
Ni45Ti20Zr25Al10,4 ,Ni Ti Zr Al,45 20 25 10,1.39705,0.105775239,1791.147,328.9590377,-45.41,11.99027832,1.258048145,1.661,0.241824316,6.6,3.088689042,1.28308E+11,48.6714688,AM,AM
NbMoTaW,4 ,Nb Mo Ta W,1 1 1 1,1.39725,0.023104619,3157.75,367.7297751,-6.5,2.365110991,1.386294361,1.905,0.363696302,5.5,0.5,2.275E+11,52.14163404,BCC,SS
AlMo,2 ,Al Mo,1 1,1.3975,0.024686941,1914.735,981.265,-5,0,0.693147181,1.885,0.275,4.5,1.5,1.53E+11,77,IM,IM
AlMnNbTiV,5 ,Al Mn Nb Ti V,1 1 1 1 1,1.3978,0.039497885,1865.294,612.7950242,-15.52,7.290607656,1.609437912,1.586,0.034985711,4.8,1.326649916,1.272E+11,34.28352374,B2+Laves,IM
MgNi4Y,3 ,Mg Ni Y,1 4 1,1.397833333,0.15912221,1605.666667,306.3966202,-16.22222222,6.615544732,0.867563228,1.695,0.30516389,7.5,3.547299442,1.34333E+11,64.59274125,IM,IM
Pt3Al,2 ,Pt Al,3 1,1.39825,0.013935685,1764.4175,479.7477628,-33,4.763139721,0.562335145,2.1125,0.29011851,8.25,3.031088913,1.915E+11,66.68395609,IM,IM
AlMoNbSiTaTiVZr,8 ,Al Mo Nb Si Ta Ti V Zr,1 1 1 1 1 1 1 1,1.3985,0.086560415,2226.05875,699.0533575,-32.1875,18.28458169,2.079441542,1.65875,0.240698852,4.5,0.866025404,1.39604E+11,55.20277881,AM,AM
Co3Sn2,2 ,Co Sn,3 2,1.3986,0.129252355,1262.832,618.7019172,0,0,0.673011667,1.912,0.039191836,7,2.449489743,1.312E+11,59.76754972,IM,IM
Al9Co2,2 ,Al Co,9 2,1.399090909,0.049897204,1085.202727,321.8737211,-11.30578512,2.96761719,0.474139313,1.659090909,0.104137544,4.090909091,2.314167648,94909090909,40.11223922,IM,IM
Al6CoMn,3 ,Al Co Mn,6 1 1,1.399125,0.044375959,1110.9775,313.6906122,-14.5625,2.262942917,0.73562194,1.63625,0.094198925,4.25,2.222048604,94500000000,35.38007914,IM,IM
Zr41Ti14Cu12.5Ni10Be22.5,5 ,Zr Ti Cu Ni Be,41 14 12.5 10 22.5,1.40006,0.139805008,1837.74125,288.7779418,-35.148,13.43727923,1.466622078,1.54265,0.219468625,5.025,3.094248697,1.09192E+11,36.34278451,AM,AM
Zr41.2Ti13.8Cu12.5Ni10Be22.5,5 ,Zr Ti Cu Ni Be,41.2 13.8 12.5 10 22.5,1.400342,0.139912901,1838.11525,289.0324122,-35.1966,13.42421791,1.464453824,1.54223,0.219674138,5.025,3.094248697,1.09113E+11,36.38314537,AM,AM
Zr39.88Ti15.12Ni9.98Cu13.77Be21.25,5 ,Zr Ti Ni Cu Be,39.88 15.12 9.98 13.77 21.25,1.4003622,0.137644169,1833.044929,290.698348,-34.26628064,13.44128242,1.484390056,1.549125,0.221818855,5.1377,3.145749308,1.09747E+11,36.18917569,AM,AM
Al8Mn5,2 ,Al Mn,8 5,1.400461538,0.028485858,1158.673846,284.8628367,-17.98816568,0.492261702,0.666278442,1.586923077,0.029190255,4.538461538,1.946017022,92923076923,21.40618724,IM,IM
Ni45Ti20Zr27Al8,4 ,Ni Ti Zr Al,45 20 27 8,1.40047,0.107461264,1815.0376,308.5457662,-45.3036,12.05733543,1.236794334,1.6554,0.246143942,6.62,3.068484968,1.28205E+11,48.78775948,AM,AM
Zr42.63Ti12.37Cu11.25Ni10Be23.75,5 ,Zr Ti Cu Ni Be,42.63 12.37 11.25 10 23.75,1.4004833,0.142199464,1843.317225,287.4816279,-36.140275,13.33804195,1.439464421,1.535102,0.217392708,4.9125,3.038065791,1.08428E+11,36.57506861,AM,AM
Zr38.5Ti16.5Ni9.75Cu15.15Be20,5 ,Zr Ti Ni Cu Be,38.5 16.5 9.75 15.15 20,1.400487487,0.135289628,1827.55471,292.7136493,-33.2217102,13.37488797,1.500050585,1.555780781,0.223476638,5.246746747,3.192313862,1.10291E+11,35.85947473,AM,AM
Zr44Ti11Cu10Ni10Be25,5 ,Zr Ti Cu Ni Be,44 11 10 10 25,1.40054,0.144418198,1848.407,285.7547369,-37.068,13.19042541,1.411122292,1.5281,0.214796159,4.8,2.976575213,1.07767E+11,36.74213446,AM,AM
Zr45.38Ti9.62Cu8.75Ni10Be26.25,5 ,Zr Ti Cu Ni Be,45.38 9.62 8.75 10 26.25,1.4006108,0.146607984,1853.515475,283.9380398,-37.99677,12.96712214,1.3782959,1.521077,0.211945158,4.6875,2.909440453,1.07101E+11,36.89835458,AM,AM
Al2Ru,2 ,Al Ru,2 1,1.400666667,0.031636381,1491.313333,788.9096077,-18.66666667,1.099943882,0.636514168,1.806666667,0.278128667,4.666666667,2.357022604,1.24E+11,67.88225099,IM,IM
Zr46.75Ti8.25Cu7.5Ni10Be27.5,5 ,Zr Ti Cu Ni Be,46.75 8.25 7.5 10 27.5,1.4006675,0.14876022,1858.60525,282.0054612,-38.92175,12.65995692,1.340849545,1.514075,0.208811265,4.575,2.836260743,1.0644E+11,37.04026754,AM,AM
TiZrNbMoV3,5 ,Ti Zr Nb Mo V,1 1 1 1 3,1.400714286,0.070585668,2323.428571,328.0691814,-2.530612245,1.624895669,1.475076311,1.645714286,0.232431688,4.857142857,0.638876565,1.51548E+11,46.21470891,BCC,SS
Ni40Cu6Ti16Zr28Al10,5 ,Ni Cu Ti Zr Al,40 6 16 28 10,1.40104,0.107382417,1772.4132,348.4802935,-42.8112,13.81818802,1.415222868,1.6578,0.247986209,6.72,3.168848371,1.25433E+11,48.17613517,AM,AM
AgPt3,2 ,Ag Pt,1 3,1.4015,0.017919898,1839.7825,349.2117537,-0.75,0.108253175,0.562335145,2.1925,0.151554446,10.25,0.433012702,1.975E+11,56.29165125,IM,IM
Ti40Zr25Ni3Cu12Be20,5 ,Ti Zr Ni Cu Be,40 25 3 12 20,1.40189,0.121747782,1835.1724,262.2115692,-25.8764,11.13837134,1.394605827,1.5478,0.17550829,4.62,2.71580559,1.09908E+11,26.8048231,AM,AM
Cd3Cu4,2 ,Cd Cu,3 4,1.402285714,0.10234204,1030.534286,377.8592555,5.87755102,0.06059653,0.682908105,1.81,0.103923048,11.42857143,0.494871659,98000000000,48.49742261,IM,IM
Cu60.3Zr37.2Al2.5,3 ,Cu Zr Al,60.3 37.2 2.5,1.40275,0.111180044,1633.68806,386.0836289,-22.334172,3.365453925,0.7650988,1.68071,0.273636978,8.196,3.459130527,1.1267E+11,33.69168196,AM,AM
Ni40Cu5Ti17Zr28Al10,5 ,Ni Cu Ti Zr Al,40 5 17 28 10,1.40288,0.106962588,1778.2455,346.3660267,-43.254,13.70253256,1.404224468,1.6542,0.247055378,6.65,3.150793551,1.25133E+11,48.1778995,AM,AM
Al3V,2 ,Al V,3 1,1.403,0.035801478,1245.8525,541.0623614,-12,1.732050808,0.562335145,1.615,0.008660254,3.5,0.866025404,97000000000,36.37306696,IM,IM
CuMgSb,3 ,Cu Mg Sb,1 1 1,1.403,0.100931888,1061.516667,209.629642,-5.333333333,5.490732934,1.098612289,1.753333333,0.319409177,6,3.741657387,75666666667,45.50702022,IM,IM
Cu58.7Zr36.3Al3.5,3 ,Cu Zr Al,58.7 36.3 3.5,1.403243655,0.110590443,1626.544609,390.8810396,-22.59446211,3.988826902,0.794931001,1.679634518,0.272327193,8.136040609,3.482774225,1.12236E+11,33.73060193,AM,AM
Ti40Zr25Ni8Cu9Be18,5 ,Ti Zr Ni Cu Be,40 25 8 9 18,1.40329,0.120055375,1849.6393,246.5119134,-28.2612,11.95009733,1.440526996,1.5549,0.183251166,4.75,2.72901081,1.12108E+11,30.39838606,AM,AM
Cu59.6Zr36.9Al3.5,3 ,Cu Zr Al,59.6 36.9 3.5,1.403315,0.110629231,1627.13437,390.7105356,-22.589488,3.959848238,0.793650698,1.67952,0.272433789,8.137,3.481986646,1.12238E+11,33.73291929,AM,AM
CuNbNiTiZr,5 ,Cu Nb Ni Ti Zr,1 1 1 1 1,1.4036,0.09258017,1980.954,461.9512144,-21.28,12.72619975,1.609437912,1.656,0.222225111,6.8,3.059411708,1.34167E+11,40.03470716,AM,AM
Ni39.8Cu5.97Ti15.92Zr29.86Al9.95Si0.5,6 ,Ni Cu Ti Zr Al Si,39.8 5.97 15.92 29.86 9.95 0.5,1.403784118,0.1084412,1778.966798,347.7558731,-43.72846432,14.14411443,1.435963506,1.652559804,0.249713613,6.653333333,3.157906148,1.24238E+11,48.21048163,AM,AM
Pt5Al3,2 ,Pt Al,5 3,1.403875,0.015518142,1625.92625,536.3743048,-41.25,1.331338025,0.661563238,2.02875,0.324362355,7.375,3.388860428,1.7225E+11,74.55492941,IM,IM
Cu58.1Zr35.9Al6,3 ,Cu Zr Al,58.1 35.9 6,1.403915,0.109164109,1608.82457,400.9385353,-23.119748,5.143006936,0.852061678,1.67797,0.269049771,8.007,3.531706528,1.11329E+11,33.7817893,AM,AM
Al2Mn,2 ,Al Mn,2 1,1.4047,0.0275,1128.646667,276.02,-16.8889,0.9952,0.6365,1.5900,0.0283,4.3333,1.8856,"90,666,666,667",20.7418,IM,IM
Cu11In9,2 ,Cu In,11 9,1.4049,0.099859939,940.161,461.6841207,9.9,0.049749372,0.688138814,1.846,0.059699246,7.4,3.979949748,91998500000,53.06765496,IM,IM
Al45Cr7,2 ,Al Cr,45 7,1.407365385,0.044380905,1101.272115,425.4560153,-4.659763314,1.82268844,0.395067121,1.616730769,0.017065615,3.403846154,1.023936886,87307692308,28.6702328,IM,IM
AgZn3,2 ,Ag Zn,1 3,1.4075,0.015382334,828.2425,234.8011376,-3,0.433012702,0.562335145,1.72,0.121243557,11.75,0.433012702,77500000000,12.99038106,IM,IM
AuGa2,2 ,Au Ga,1 2,1.4087,0.0167,647.7166667,487.63,-16.8889,0.9952,0.6365,2.0533,0.3441,5.6667,3.7712,"110,666,666,667",77.3103,IM,IM
NbTaTiV,4 ,Nb Ta Ti V,1 1 1 1,1.40925,0.039347075,2541,522.6963746,-0.25,0.824431622,1.386294361,1.5675,0.050682837,4.75,0.433012702,1.6E+11,32.40370349,BCC,SS
AlNbTiV,4 ,Al Nb Ti V,1 1 1 1,1.40975,0.0394704,1951.8675,657.2079752,-16.25,7.749495951,1.386294361,1.595,0.03354102,4.25,0.829156198,1.29E+11,38.11823711,BCC,SS
Al13Ru4,2 ,Al Ru,13 4,1.409882353,0.028281193,1327.241765,709.8821442,-15.11418685,2.496658954,0.545594574,1.748823529,0.250267677,4.176470588,2.120912515,1.09882E+11,61.08228043,IM,IM
Al11Mn4,2 ,Al Mn,11 4,1.410133333,0.025715132,1089.611333,258.9311085,-14.86222222,1.829794181,0.579915171,1.594,0.026532998,4.066666667,1.768866555,87733333333,19.4575321,IM,IM
TaNbVTiAl0.25,5 ,Ta Nb V Ti Al,1 1 1 1 0.25,1.410588235,0.038324397,2446.439412,632.6195641,-4.816608997,4.845719771,1.52846571,1.57,0.05017616,4.647058824,0.588235294,1.55059E+11,37.13325858,BCC,SS
Al21Cu2Mn3,3 ,Al Cu Mn,21 2 3,1.410692308,0.032839485,1033.669615,208.2489345,-7.189349112,4.060946539,0.618977214,1.625384615,0.081534833,4.076923077,2.368431434,86000000000,20.93947321,IM,IM
TaNbVTiAl0.5,5 ,Ta Nb V Ti Al,1 1 1 1 0.5,1.4118,0.0374,2362.385556,705.75,-8.3951,6.2132,1.5811,1.5722,0.0496,4.5556,0.6849,"150,666,666,667",40.3760,BCC,SS
CrNbTiVZr,5,Cr Nb Ti V Zr,1 1 1 1 1,1.4118,0.08678228,2236.4,271.5986745,-4.64,3.054020301,1.609437912,1.552,0.117881296,4.8,0.748331477,1.34167E+11,37.98391472,BCC+Laves,IM+SS
AlCrTiVZr,5 ,Al Cr Ti V Zr,1 1 1 1 1,1.4124,0.0868,1873.094,478.06,-20.3200,9.7504,1.6094,1.5540,0.1188,4.4000,1.0198,"115,366,666,667",38.8485,IM,IM
Al16Ru8Ti6,3 ,Al Ru Ti,16 8 6,1.412933333,0.032989908,1581.250667,728.1878816,-33.92,5.456818446,1.009613758,1.753333333,0.270669951,4.533333333,2.12498366,1.212E+11,60.97343684,IM,IM
Ag2Ga3,2 ,Ag Ga,2 3,1.4132,0.018372906,675.718,456.594686,-4.8,0.09797959,0.673011667,1.858,0.058787754,6.2,3.919183588,73600000000,21.55550974,IM,IM
AlNbTaTiV,5 ,Al Nb Ta Ti V,1 1 1 1 1,1.4138,0.035665443,2219.494,795.005429,-13.44,7.484426498,1.609437912,1.576,0.048414874,4.4,0.8,1.432E+11,44.37296474,BCC,SS
Ni45Ti20Zr35,3 ,Ni Ti Zr,45 20 35,1.41415,0.11328335,1910.6,178.1320858,-43.47,11.98115336,1.048653789,1.633,0.26151673,6.7,2.984962311,1.27792E+11,49.24800828,AM,AM
TiZrNbMoV2,5 ,Ti Zr Nb Mo V,1 1 1 1 2,1.414833333,0.070711992,2346.833333,348.9027642,-2.666666667,1.837537268,1.560710409,1.648333333,0.250959271,4.833333333,0.687184271,1.50139E+11,49.77825056,BCC,SS
Al4Mn,2 ,Al Mn,4 1,1.4156,0.0232,1050.576,234.21,-12.1600,2.7360,0.5004,1.5980,0.0240,3.8000,1.6000,"84,800,000,000",17.6000,IM,IM
Cu55Zr40Al5,3 ,Cu Zr Al,55 40 5,1.4157,0.110505978,1644.647,404.9750764,-23.87,4.759660781,0.845113257,1.6575,0.274515482,7.8,3.544009029,1.09133E+11,34.14176328,AM,AM
Ag3Sb,2 ,Ag Sb,3 1,1.4163,0.0352,1152.1425,143.39,-3.0000,0.4330,0.5623,1.9600,0.0520,9.5000,2.5981,"85,500,000,000",25.1147,IM,IM
Al17Sb3,2 ,Al Sb,17 3,1.4167,0.0257,929.0165,10.60,1.0200,0.3499,0.4227,1.6760,0.1571,3.3000,0.7141,"70,900,000,000",12.1404,IM,IM
PtAl2,2 ,Pt Al,1 2,1.4170,0.0150,1302.78,522.28,-39.1111,2.3046,0.6365,1.8333,0.3158,5.3333,3.2998,"127,333,333,333",72.5963,IM,IM
Al5CuTi2,3 ,Al Cu Ti,5 1 2,1.4203,0.0389,1238.39,428.14,-20.1875,6.9078,0.9003,1.6288,0.1067,4.2500,2.5860,"92,500,000,000",22.9946,IM,IM
Al6Mn,2 ,Al Mn,6 1,1.420285714,0.020202993,1017.117143,204.8928184,-9.306122449,3.392150518,0.410116318,1.601428571,0.020995626,3.571428571,1.399708424,82285714286,15.39679267,IM,IM
Cu54Zr42.5Al3.5,3 ,Cu Zr Al,54 42.5 3.5,1.421515,0.111504929,1670.26725,400.9733076,-23.8076,4.005775791,0.813732865,1.6476,0.278065172,7.745,3.531285177,1.08364E+11,34.28915069,AM,AM
Cu53.2Zr41.8Al5,3 ,Cu Zr Al,53.2 41.8 5,1.4216,0.1106,1658.51114,408.09,-24.2434,4.7825,0.8501,1.6472,0.2759,7.6740,3.5524,"107,888,333,333",34.2544,AM,AM
Al22Fe3Ti8,3 ,Al Fe Ti,22 3 8,1.421909091,0.041205297,1257.495152,459.4583256,-23.55922865,4.148763144,0.831831708,1.613030303,0.074690669,3.696969697,1.42456476,92787878788,28.31399437,IM,IM
Cu51.5Zr40.5Al8,3 ,Cu Zr Al,51.5 40.5 8,1.4219,0.1088,1635.76915,421.17,-25.0561,6.0292,0.9099,1.6460,0.2716,7.5250,3.5902,"106,867,500,000",34.1679,AM,AM
AlCrMoTaTiZr,6 ,Al Cr Mo Ta Ti Zr,1 1 1 1 1 1,1.423166667,0.074763443,2228.078333,746.6088762,-16.11111111,8.932301396,1.791759469,1.633333333,0.257272013,4.666666667,1.105541597,1.41139E+11,60.37693457,AM,AM
Mg50Ni50,2 ,Mg Ni,50 50,1.4235,0.124692659,1325.5,402.5,-4,0,0.693147181,1.61,0.3,6,4,1.125E+11,67.5,AM,AM
TiZrNbMoV1.5,5 ,Ti Zr Nb Mo V,1 1 1 1 1.5,1.423818182,0.070059046,2361.727273,360.7462193,-2.710743802,1.962769907,1.594166699,1.65,0.262054817,4.818181818,0.715818898,1.49242E+11,51.89886064,BCC,SS
Cu52.5Zr42.5Al5,3 ,Cu Zr Al,52.5 42.5 5,1.4238,0.1106,1663.90275,409.17,-24.3725,4.7902,0.8517,1.6433,0.2763,7.6250,3.5545,"107,404,166,667",34.2859,AM,AM
Zr50Ni50,2 ,Zr Ni,50 50,1.4245,0.1253,1928,200.00,-49.0000,0.0000,0.6931,1.6200,0.2900,7.0000,3.0000,"125,416,666,667",54.5833,AM,AM
NbTiV2Zr,4 ,Nb Ti V Zr,1 1 2 1,1.4252,0.0748,2237,271.48,-1.2800,1.5002,1.3322,1.5460,0.1129,4.6000,0.4899,"134,166,666,667",37.9839,BCC,SS
CrMo0.5NbTa0.5TiZr ,6,Cr Mo Nb Ta Ti Zr,1 0.5 1 0.5 1 1,1.4279,0.0804,2418.4,441.12,-4.9200,3.3899,1.7481,1.5920,0.2198,4.9000,0.8307,"145,166,666,667",50.3995,BCC+BCC+Laves ,IM+SS
NaZn13,2 ,Na Zn,1 13,1.428,0.083321563,669.6935714,82.87874685,1.591836735,1.13527562,0.257318641,1.598571429,0.185428351,11.21428571,2.832933145,65450000000,16.4052583,IM,IM
Al2CaSi2,3 ,Al Ca Si,2 1 2,1.4292,0.2103,1271.188,345.92,-34.8800,8.8797,1.0549,1.6040,0.3287,3.2000,0.7483,"73,800,000,000",30.3605,IM,IM
Ag7Sb,2 ,Ag Sb,7 1,1.430625,0.026584657,1193.53625,109.5175683,-1.75,0.744117556,0.376770161,1.945,0.03968627,10.25,1.984313483,92750000000,19.18169701,IM,IM
Ag3Ga,2 ,Ag Ga,3 1,1.43175,0.016029106,1001.925,403.5764984,-3.75,0.541265877,0.562335145,1.9,0.051961524,9,3.464101615,89000000000,19.05255888,IM,IM
Cu50Zr45Al5,3 ,Cu Zr Al,50 45 5,1.4320,0.1105,1683.1585,412.42,-24.7600,4.8103,0.8557,1.6290,0.2774,7.4500,3.5563,"105,675,000,000",34.3425,AM,AM
ZrHfTiCuFe,5 ,Zr Hf Ti Cu Fe,1 1 1 1 1,1.4324,0.1043,1948.754,377.08,-15.8400,8.4752,1.6094,1.5800,0.2480,6.2000,2.8566,"120,166,666,667",33.2181,AM,AM
ZrHfTiAlCuNi,6,Zr Hf Ti Al Cu Ni,1 1 1 1 1 1,1.433166667,0.094373785,1765.706667,511.6102712,-34.11111111,14.58337742,1.791759469,1.598333333,0.242447016,6,3.214550254,1.14472E+11,37.34975044,IM+SS,IM+SS
TiZrHfCuNi,5 ,Ti Zr Hf Cu Ni,1 1 1 1 1,1.4334,0.103363704,1932.154,384.5332169,-27.36,13.31702069,1.609437912,1.596,0.265525893,6.6,3.2,1.22167E+11,36.31498007,AM,AM
Al85.8Ni9.1Y5.1,3 ,Al Ni Y,85.8 9.1 5.1,1.433944,0.070176939,1049.91426,286.5192425,-14.097564,5.58586201,0.501293639,1.61741,0.126064237,3.637,2.013263768,83679000000,31.42871233,AM,AM
Al85.8Co9.1Y5.1,3 ,Al Co Y,85.8 9.1 5.1,1.434399,0.069566942,1053.55426,295.2322661,-12.993552,5.52776373,0.501293639,1.61468,0.119871171,3.546,1.725654658,83679000000,31.42871233,AM,AM
ZrHfTiCuCo,5 ,Zr Hf Ti Cu Co,1 1 1 1 1,1.4344,0.102415552,1940.154,380.598648,-23.52,11.38775483,1.609437912,1.59,0.258611678,6.4,3.006659276,1.22167E+11,36.31498007,AM,AM
MoNbTiVZr,5 ,Mo Nb Ti V Zr,1 1 1 1 1,1.4346,0.0685,2379.6,373.68,-2.7200,2.1024,1.6094,1.6520,0.2748,4.8000,0.7483,"148,166,666,667",54.3149,BCC,SS
AlCrTaTiZr,5 ,Al Cr Ta Ti Zr,1 1 1 1 1,1.4352,0.0786,2094.494,749.56,-20.0000,10.0975,1.6094,1.5280,0.1134,4.4000,1.0198,"123,366,666,667",49.7929,AM,AM
Cu50Zr47Al3,3 ,Cu Zr Al,50 47 3,1.43537,0.111447554,1707.0491,402.7834702,-24.1616,3.730041616,0.806630942,1.6234,0.280568067,7.47,3.533992077,1.05572E+11,34.43926421,AM,AM
Al2CuMg,3 ,Al Cu Mg,2 1 1,1.43575,0.079581612,1036.9275,185.2878124,-2.25,0.488140605,1.039720771,1.6075,0.208611481,4.75,3.631459762,84250000000,34.58594368,IM,IM
CrNbTiZr ,4,Cr Nb Ti Zr,1 1 1 1,1.4358,0.0878,2249.75,302.19,-5.0000,3.6401,1.3863,1.5325,0.1244,4.7500,0.8292,"127,708,333,333",39.9365,BCC+Laves,IM+SS
BiCuMg,3 ,Bi Cu Mg,1 1 1,1.4363,0.0919,941.8233333,332.20,0.8889,6.0811,1.0986,1.7433,0.3103,6.0000,3.7417,"72,000,000,000",48.4218,IM,IM
Al85.5Fe9Ce5.5,3 ,Al Fe Ce,85.5 9 5.5,1.436425,0.075490316,1020.01185,250.711202,-10.4742,6.045608545,0.510177328,1.60285,0.132326783,3.45,1.430908802,81490000000,30.42170114,AM,AM
CaZn13,2 ,Ca Zn,1 13,1.4365,0.104163159,722.8457143,108.7640296,-5.836734694,4.162677274,0.257318641,1.603571429,0.167400595,11.28571429,2.575393768,66214285714,13.64958697,IM,IM
AlCuMg,3 ,Al Cu Mg,1 1 1,1.437,0.091796511,1071.413333,202.5298507,-2.666666667,0.608580619,1.098612289,1.606666667,0.240878024,5.333333333,4.027681991,87000000000,39.55586766,IM,IM
HfW2,2 ,Hf W,1 2,1.4373,0.0692,3298.666667,560.50,-5.3333,0.3143,0.6365,2.0067,0.4997,5.3333,0.9428,"243,333,333,333",94.2809,IM,IM
Au2Bi,2 ,Au Bi,2 1,1.438,0.003933835,1073.12,373.6493653,1.777777778,0.10475656,0.636514168,2.366666667,0.245130351,9,2.828427125,1.57E+11,89.09545443,IM,IM
Al18Cr2Mg3,3 ,Al Cr Mg,18 2 3,1.438130435,0.056489644,1040.498261,351.6752965,-2.449905482,3.440187489,0.669893222,1.575217391,0.103666252,3.130434783,0.946588742,79260869565,26.98665917,IM,IM
MgCu,2 ,Mg Cu,50 50,1.4395,0.112191733,1140.385,217.385,-3,0,0.693147181,1.605,0.295,6.5,4.5,92500000000,47.5,AM,AM
Al3Ti,2 ,Al Ti,3 1,1.4395,0.0090,1185.3525,436.27,-22.5000,3.2476,0.5623,1.5925,0.0303,3.2500,0.4330,"84,500,000,000",14.7224,IM,IM
Cu43Zr43Al7Ag7,4 ,Cu Zr Al Ag,43 43 7 7,1.44022,0.104648958,1650.6691,427.7474218,-24.6744,7.266321097,1.098110666,1.6367,0.276279044,7.43,3.57842144,1.02978E+11,32.94310461,AM,AM
Al86Y4.5Ni8La1.5,4 ,Al Y Ni La,86 4.5 8 1.5,1.4405,0.0756,1039.8742,271.85,-14.4736,5.8112,0.5343,1.6088,0.1340,3.5600,1.8991,"82,025,000,000",30.3095,AM,AM
CuZr,2 ,Cu Zr ,50 50,1.4405,0.112808053,1742.885,385.115,-23,0,0.693147181,1.615,0.285,7.5,3.5,1.05417E+11,34.58333333,AM,AM
Ag2Al,2 ,Ag Al,2 1,1.440666667,0.004253766,1134.443333,142.1096068,-3.555555556,0.20951312,0.636514168,1.823333333,0.150849447,8.333333333,3.771236166,92000000000,11.3137085,IM,IM
TiZrNbMoV0.75,5 ,Ti Zr Nb Mo V,1 1 1 1 0.75,1.4408,0.0673,2389.947368,380.59,-2.7036,2.1785,1.6036,1.6532,0.2819,4.7895,0.7663,"147,543,859,649",55.6563,BCC,SS
AlTi,2 ,Al Ti,1 1,1.447,0.010366275,1437.235,503.765,-30,0,0.693147181,1.575,0.035,3.5,0.5,93000000000,17,IM,IM
TiZrNbMoV0.5,5 ,Ti Zr Nb Mo V,1 1 1 1 0.5,1.447777778,0.065542048,2401.444444,387.7903532,-2.666666667,2.259562821,1.58109375,1.654444444,0.289524941,4.777777778,0.785674201,1.46852E+11,57.10178504,BCC,SS
Cu46Zr42Al7Y5,4 ,Cu Zr Al Y,46 42 7 5,1.45148,0.118644069,1673.6271,414.412124,-24.8776,7.394921373,1.057488298,1.6063,0.28143438,7.1,3.612478374,1.0152E+11,36.12964526,AM,AM
NbTiVZr,4 ,Nb Ti V Zr,1 1 1 1,1.4525,0.070483977,2250.5,302.0153142,-0.25,1.598338982,1.386294361,1.525,0.117153745,4.5,0.5,1.27708E+11,39.93647299,BCC,SS
Zr57Ti5Cu20Ni8Be10,5 ,Zr Ti Cu Ni Be,57 5 20 8 10,1.45489,0.124749139,1875.804,319.1533772,-30.6216,10.28772813,1.22439878,1.5249,0.248738799,5.68,3.202748819,1.01275E+11,37.55356452,AM,AM
TiZrNbMoV0.25,5 ,Ti Zr Nb Mo V,1 1 1 1 0.25,1.455529412,0.063163351,2414.294118,395.291369,-2.602076125,2.347013854,1.52846571,1.655882353,0.297856239,4.764705882,0.8065476,1.46078E+11,58.66555585,BCC,SS
AlNb1.5Ta0.5Ti1.5Zr0.5,5 ,Al Nb Ta Ti Zr,1 1.5 0.5 1.5 0.5,1.457,0.034809102,2135.794,739.5268337,-15.12,9.638789966,1.504788284,1.547,0.081123363,4.2,0.748331477,1.26283E+11,44.82695432,BCC,SS
AgTi3,2 ,Ag Ti,1 3,1.45775,0.005049711,1764.4825,305.7372784,-1.5,0.216506351,0.562335145,1.6375,0.168874954,5.75,3.031088913,1.075E+11,4.330127019,IM,IM
Ni3Sn4,2 ,Ni Sn,3 4,1.459714286,0.126793306,1029.188571,605.1884496,-3.918367347,0.040397686,0.682908105,1.938571429,0.024743583,6.571428571,2.969229956,1.10286E+11,60.37434244,IM,IM
Au9Sn,2 ,Au Sn,9 1,1.4598,0.036580353,1254.105,249.675,-3.6,1.92,0.325082973,2.482,0.174,10.3,2.1,2.038E+11,48.6,IM,IM
MgZn2,2 ,Mg Zn,1 2,1.463666667,0.066346617,769.4533333,108.5738892,-3.555555556,0.20951312,0.636514168,1.536666667,0.160277537,8.666666667,4.714045208,61666666667,11.78511302,IM,IM
Al3In,2 ,Al In,3 1,1.464,0.037859034,807.54,218.1171582,5.25,0.757772228,0.562335145,1.6525,0.073612159,3,0,65332500000,18.47665199,IM,IM
CrHfNbTiZr ,5,Cr Hf Nb Ti Zr,1 1 1 1 1,1.4642,0.086265386,2301,289.0660824,-4,3.57211422,1.609437912,1.486,0.144996552,4.6,0.8,1.24167E+11,36.41580853,BCC+Laves+Laves ,IM+SS
TiZrNbMo,4 ,Ti Zr Nb Mo,1 1 1 1,1.46425,0.059880115,2428.75,403.0740472,-2.5,2.443102536,1.386294361,1.6575,0.306950729,4.75,0.829156198,1.45208E+11,60.36456086,BCC,SS
AlMo0.5NbTa0.5TiZr ,6,Al Mo Nb Ta Ti Zr,1 0.5 1 0.5 1 1 ,1.4645,0.050410248,2169.094,749.7126565,-16.84,10.56443543,1.748067349,1.582,0.217614338,4.3,0.9,1.28367E+11,56.30871257,BCC+B2 ,IM+SS
Ca7Mg6Si14,3 ,Ca Mg Si,7 6 14,1.465925926,0.238544475,1368.925926,336.6965802,-40.79012346,10.43796088,1.024772774,1.535555556,0.39311042,3.037037037,0.999313894,66259259259,36.32935003,IM,IM
Al7Cu3Mg6,3 ,Al Cu Mg,7 3 6,1.4665,0.0806,1009.1,167.56,-2.4844,0.4878,1.0434,1.5519,0.2148,4.1250,3.3331,"76,375,000,000",33.5892,IM,IM
Al0.5NbTa0.8Ti1.5V0.2Zr,6 ,Al Nb Ta Ti V Zr,0.5 1 0.8 1.5 0.2 1,1.4696,0.0493,2264.967,654.18,-8.6176,8.5272,1.6572,1.5142,0.0997,4.3000,0.6403,"127,166,666,667",47.3678,BCC+BCC,SS
Ag5Sn,2 ,Ag Sn,5 1,1.474166667,0.044241028,1113.288333,271.9990356,-1.666666667,0.496903995,0.450561209,1.935,0.01118034,9.833333333,2.608745974,93000000000,15.65247584,IM,IM
Al3Zr,2 ,Al Zr,3 1,1.47475,0.050208627,1232.1025,517.2466628,-33,4.763139721,0.562335145,1.54,0.121243557,3.25,0.433012702,74708333333,2.237232293,IM,IM
Cu2In3Sn1,3 ,Cu In Sn,2 3 1,1.476,0.095938404,751.645,429.4218019,8.222222222,2.498696505,1.011404265,1.85,0.072801099,5.833333333,3.670452591,72998333333,48.17351742,IM,IM
Al0.3NbTa0.8Ti1.4V0.2Zr1.3,6 ,Al Nb Ta Ti V Zr,0.3 1 0.8 1.4 0.2 1.3,1.4793,0.053047552,2316.4882,594.4867313,-4.864,7.240567591,1.61932983,1.4988,0.106595309,4.34,0.58685603,1.26177E+11,48.19255832,BCC,SS
Al6CuMg4,3 ,Al Cu Mg,6 1 4,1.479454545,0.06856518,968.2354545,123.2786823,-2.181818182,0.312960268,0.916464886,1.527272727,0.183109054,3.363636364,2.459590774,70545454545,26.30714952,IM,IM
Ag4Sn,2 ,Ag Sn,4 1,1.48,0.047297297,1088.96,291.94,-1.92,0.432,0.500402424,1.936,0.012,9.6,2.8,91600000000,16.8,IM,IM
Zr57Nb5Cu15.4Ni12.6Al10,5 ,Zr Nb Cu Ni Al,57 5 15.4 12.6 10,1.482168,0.100440875,1870.63158,455.3208137,-33.612016,11.42411164,1.249562163,1.53236,0.2509112,5.784,3.008212758,1.00715E+11,42.89271043,AM,AM
Mg2Ni,2 ,Mg Ni,2 1,1.482666667,0.112870012,1191.333333,379.4806392,-3.555555556,0.20951312,0.636514168,1.51,0.282842712,4.666666667,3.771236166,90000000000,63.63961031,IM,IM
Al8Li5Mg2,3 ,Al Li Mg,8 5 2,1.483533333,0.0408656,772.1473333,225.2093015,-3.413333333,0.849145278,0.970115784,1.36,0.286006993,2.2,0.909212113,50200000000,29.50977239,IM,IM
Al0.3NbTaTi1.4Zr1.3,5 ,Al Nb Ta Ti Zr,0.3 1 1 1.4 1.3,1.48386,0.048446225,2360.7682,623.4179981,-4.4096,7.272507347,1.519249346,1.4936,0.103184495,4.34,0.58685603,1.27777E+11,49.92191247,BCC+BCC,SS
Zr58.5Nb2.8Cu15.6Ni12.8Al10.3,5 ,Zr Nb Cu Ni Al,58.5 2.8 15.6 12.8 10.3,1.484119,0.101110103,1851.02353,440.5852339,-34.905488,10.75480229,1.200846125,1.52956,0.253052972,5.785,3.032618506,98905500000,41.97363839,AM,AM
HfMoNbTiZr,5 ,Hf Mo Nb Ti Zr,1 1 1 1 1,1.487,0.060972711,2444.2,361.8421755,-1.6,2.311709324,1.609437912,1.586,0.309554519,4.6,0.8,1.38167E+11,55.79824768,BCC,SS
Mg32Al24.5Zn24.5,3 ,Mg Al Zn,32 24.5 24.5,1.487574074,0.062373018,856.5021605,107.9646516,-2.501905197,1.191731419,1.090269752,1.503580247,0.157207959,5.327160494,4.413545713,61938271605,13.88564022,IM,IM
AuNi2Sn4,3 ,Au Ni Sn,1 2 4,1.4877,0.1104,973.3785714,554.02,-4.7347,2.8234,0.9557,2.0286,0.2099,6.7143,3.1493,"116,000,000,000",68.1008,IM,IM
Al0.4Hf0.6NbTaTiZr,6 ,Al Hf Nb Ta Ti Zr,0.4 0.6 1 1 1 1,1.48872,0.049230841,2397.1976,642.8454603,-6.3296,8.313593039,1.744040246,1.4788,0.115838508,4.32,0.61449166,1.29447E+11,48.59128225,BCC,SS
Ag3Sn,2 ,Ag Sn,3 1,1.48875,0.050899898,1052.4675,316.0343205,-2.25,0.324759526,0.562335145,1.9375,0.012990381,9.25,3.031088913,89500000000,18.18653348,IM,IM
Au3In2,2 ,Au In,3 2,1.4892,0.038818129,974.298,444.6215802,-10.56,0.215555097,0.673011667,2.236,0.372322441,7.8,3.919183588,1.45332E+11,91.44925006,IM,IM
Al4Li9,2 ,Al Li,4 9,1.492230769,0.026908604,601.3146154,221.4369231,-3.408284024,0.273099681,0.61724177,1.173846154,0.290769231,1.615384615,0.923076923,31000000000,30,IM,IM
CuMg2,2 ,Cu Mg,1 2,1.493333333,0.101962272,1067.923333,204.9525435,-2.666666667,0.15713484,0.636514168,1.506666667,0.278128667,5,4.242640687,76666666667,44.78342948,IM,IM
Zr66Al8Ni26,3 ,Zr Al Ni,66 8 26,1.4965,0.103809205,1928.4376,340.480546,-44.7568,3.727142597,0.826537633,1.5032,0.252463383,5.48,2.692508124,99630000000,47.65922191,AM,AM
Zr65Al7.5Cu17.5Ni10,4 ,Zr Al Cu Ni,65 7.5 17.5 10,1.4976,0.099743591,1863.62,396.1569814,-32.2175,8.442054702,1.009557071,1.50875,0.25382265,5.75,3.031088913,94241666667,38.50964796,AM,AM
Zr66Al8Cu7Ni19,4 ,Zr Al Cu Ni,66 8 7 19,1.49874,0.101361866,1902.5215,367.7490957,-39.2688,7.932141274,0.977985616,1.5025,0.251345877,5.55,2.819131072,96830000000,43.88039919,AM,AM
Al3Yb,2 ,Al Yb,3 1,1.499,0.077416547,973.1025,68.64550363,-15,2.165063509,0.562335145,1.4825,0.220836478,3,0,64750000000,19.48557159,IM,IM
Al3Mg2,2 ,Al Mg,3 2,1.4996,0.055209892,929.282,5.129231521,-1.92,0.039191836,0.673011667,1.49,0.146969385,2.6,0.489897949,63600000000,15.18683641,IM,IM
Zr66Al8Cu12Ni14,4 ,Zr Al Cu Ni,66 8 12 14,1.50034,0.099572308,1884.01,384.9825242,-35.4448,8.52418585,1.005985909,1.502,0.250543409,5.6,2.905167809,94830000000,40.85106404,AM,AM
HfNbTaTiZr,5 ,Hf Nb Ta Ti Zr,1 1 1 1 1,1.5004,0.0499,2523,476.41,2.7200,1.2084,1.6094,1.4540,0.1183,4.4000,0.4899,"132,166,666,667",46.4268,BCC,SS
Cd10Cu3,2 ,Cd Cu,10 3,1.501076923,0.081397736,770.4238462,321.7027375,4.26035503,0.732955994,0.540204142,1.738461538,0.088478259,11.76923077,0.421325044,64615384615,41.28985434,IM,IM
Zr66Al9Cu16Ni9,4 ,Zr Al Cu Ni,66 9 16 9,1.50348,0.096609903,1861.2555,408.1534332,-32.352,8.234657887,1.000883437,1.4986,0.246759073,5.57,2.950440645,92190000000,37.20621229,AM,AM
Nd60Al10Ni10Cu10Fe10,5 ,Nd Al Ni Cu Fe,60 10 10 10 10,1.5037,0.115754332,1359.424,233.8568998,-22.12,8.934826243,1.227529411,1.409,0.338214429,5,3.130495168,75800000000,59.46730194,AM,AM
Nd60Al10Ni10Cu16Fe4,5 ,Nd Al Ni Cu Fe,60 10 10 16 4,1.50592,0.113487044,1332.2302,204.241176,-25.2352,8.010368346,1.18898046,1.4132,0.343804828,5.18,3.374551822,74000000000,56.9912274,AM,AM
Nd60Al10Ni10Cu18Fe2,5 ,Nd Al Ni Cu Fe,60 10 10 18 2,1.50666,0.112719829,1323.1656,192.5121456,-26.3568,7.452936398,1.15391657,1.4146,0.345636861,5.24,3.45E+00,73400000000,56.1287805,AM,AM
Ni60Al10Ni10Cu20,4 ,Nd Al Ni Cu,60 10 10 20,1.5074,0.111946698,1314.101,179.5635277,-27.52,6.697493262,1.088899975,1.416,0.347453594,5.3,3.522782991,72800000000,55.24635735,AM,AM
Ni61Al11Ni8Co5Cu15,5 ,Nd Al Ni Co Cu,61 11 8 5 15,1.51185,0.110637097,1322.3272,201.0170355,-22.5536,9.915696617,1.1807339,1.4043,0.340435765,5.06,3.33E+00,72280000000,56.45884873,AM,AM
Al11Sm3,2 ,Al Sm,11 3,1.513,0.102513676,1021.687143,168.9229679,-25.59183673,5.0913908,0.519579839,1.515714286,0.180543397,3,0.00E+00,67857142857,15.59238433,IM,IM
Nd60Al15Ni10Cu10Fe5,5 ,Nd Al Ni Cu Fe,60 15 10 10 5,1.51325,0.108609644,1315.5475,227.2436989,-27.37,8.398888483,1.201367004,1.398,0.327759058,4.75,3.08E+00,71100000000,55.41290463,AM,AM
Pr60Al10Ni10Cu20,4 ,Pr Al Ni Cu,60 10 10 20,1.5134,0.114621559,1260.191,190.6511885,-27.52,6.697493262,1.088899975,1.41,0.352221521,5.3,3.522782991,71000000000,56.5791481,AM,AM
Al11Ce3,2 ,Al Ce,11 3,1.516214286,0.106355732,962.9407143,56.43212148,-25.59183673,5.0913908,0.519579839,1.505,0.201059693,3,0,64428571429,22.15759878,IM,IM
CuEr,2 ,Cu Er,1 1,1.517,0.157547792,1563.885,206.115,-23,0,0.693147181,1.57,0.33,7,4,92000000000,48,IM,IM
Al20Li20Mg10Sc20Ti30,5 ,Al Li Mg Sc Ti,20 20 10 20 30,1.5171,0.051625095,1314.832,600.177793,-0.4,14.11674183,1.557113098,1.383,0.225435135,2.8,1.077032961,66300000000,35.58103427,HCP,SS
HfNbTiZr,4 ,Hf Nb Ti Zr,1 1 1 1,1.518,0.048723866,2331.25,316.0279853,2.5,1.211919964,1.386294361,1.4425,0.129687123,4.25,0.433012702,1.15208E+11,35.44545399,BCC,SS
Ag5Cd8,2 ,Ag Cd,5 8,1.520692308,0.039350514,840.6469231,311.7081415,-1.893491124,0.051817021,0.666278442,1.782307692,0.116761021,11.61538462,0.486504255,64307692308,28.21724681,IM,IM
Mg60Cu29Y10Si,4 ,Mg Cu Y Si,60 29 10 1,1.5230,0.1141,1144.3233,297.33,-7.2164,4.0457,0.9418,1.4780,0.2775,4.7300,4.0221,"72,700,000,000",43.3798,AM,AM
AlTiVYZr,5,Al Ti V Y Zr,1 1 1 1 1,1.523,0.109513125,1796.894,452.7650615,-14.88,13.56092032,1.609437912,1.466,0.162554606,3.8,0.748331477,91566666667,40.62533419,AM+IM,AM+IM
AgZr,2 ,Ag Zr,1 1,1.524,0.05183727,1681.465,446.535,-20,0,0.693147181,1.63,0.3,7.5,3.5,85416666667,14.58333333,IM,IM
Mg54Cu26.5Ag8.5Gd11,4 ,Mg Cu Ag Gd,54 26.5 8.5 11,1.524145,0.110196544,1137.6581,246.2450614,-8.4484,4.059060387,1.137001343,1.50695,0.295740084,5.26,4.222842644,74080000000,42.5263871,AM,AM
CuDy,2 ,Cu Dy,1 1,1.5260,0.1625,1521.385,163.62,-22.0000,0.0000,0.6931,1.5600,0.3400,7.0000,4.0000,"90,500,000,000",49.5000,IM,IM
CaAl2Zn2,3 ,Ca Al Zn,1 2 2,1.526,0.14784248,873.46,161.8065441,-12.8,6.43341278,1.054920168,1.504,0.252634123,6.4,4.586937976,61800000000,22.56014184,IM,IM
Al4In3Sn3,3 ,Al In Sn,4 3 3,1.5268,0.052932165,653.837,230.1758772,5.28,1.749477636,1.088899975,1.766,0.145203306,3.3,0.458257569,57799000000,17.66754847,IM,IM
Al3Zr4,2 ,Al Zr,3 4,1.529714286,0.055319516,1616.058571,591.1390432,-43.10204082,0.444374551,0.682908105,1.45,0.138564065,3.571428571,0.494871659,73047619048,2.556836906,IM,IM
AuSn,2 ,Au Sn,1 1,1.531,0.05813194,921.205,416.125,-10,0,0.693147181,2.25,0.29,7.5,3.5,1.39E+11,81,IM,IM
Al12Mg17,2 ,Al Mg,12 17,1.531068966,0.054363704,927.3324138,5.156603838,-1.940546968,0.02928135,0.678209394,1.434137931,0.147753692,2.413793103,0.492512305,57827586207,15.26788147,IM,IM
ZrTi,2 ,Zr Ti,50 50,1.5325,0.046003263,2034.5,93.5,0,0,0.693147181,1.435,0.105,4,0,90416666667,19.58333333,AM,AM
Bi2Mg3,2 ,Bi Mg,2 3,1.5326,0.054660413,771.68,185.3283939,-9.6,0.195959179,0.673011667,1.594,0.347827543,3.2,1.469693846,39400000000,6.85857128,IM,IM
Zr70Pd30,2 ,Zr Pd,70 30,1.5346,0.068084664,2038.015,137.454358,-76.44,6.672230212,0.610864302,1.591,0.398684085,5.8,2.749545417,1.03583E+11,50.02645134,AM,AM
Al2Zr3,2 ,Al Zr,2 3,1.5346,0.054589176,1650.188,585.1977965,-42.24,0.862220389,0.673011667,1.442,0.137171426,3.6,0.489897949,72900000000,2.531139401,IM,IM
Mg65Ni20Nd15,3 ,Mg Ni Nd,65 20 15,1.5359,0.0948,1139.65,321.42,-8.0200,4.1222,0.8865,1.4045,0.2596,3.7500,3.1444,"70,050,000,000",55.1620,AM,AM
AlNd,2 ,Al Nd,1 1,1.5360,0.0677,1113.735,180.27,-38.0000,0.0000,0.6931,1.3750,0.2350,3.0000,0.0000,"54,000,000,000",22.0000,IM,IM
Mg65Cu20Ni5Gd10,4 ,Mg Cu Ni Gd,65 20 5 10,1.53865,0.107344199,1116.504,276.9825673,-5.86,3.243353974,0.981941601,1.447,0.264690385,4.3,3.769615365,70050000000,45.756393,AM,AM
Mg65Cu25Gd10,3 ,Mg Cu Gd,65 25 10,1.54025,0.105473258,1097.9925,246.1519108,-5.71,2.798747086,0.856840995,1.4465,0.263823331,4.35,3.850649296,68050000000,41.59143542,AM,AM
Mg65Cu25Y10,3 ,Mg Cu Y,65 25 10,1.54035,0.10557074,1119.2925,292.3407133,-5.71,2.798747086,0.856840995,1.4485,0.262016698,4.35,3.850649296,68350000000,41.38390388,AM,AM
Al4Ca,2 ,Al Ca,4 1,1.5408,0.141225337,969.776,72.612,-12.8,2.88,0.500402424,1.488,0.244,2.8,0.4,64200000000,23.6,IM,IM
AuCdSn,3 ,Au Cd Sn,1 1 1,1.543333333,0.048422536,812.21,373.0949349,-9.333333333,3.168128318,1.098612289,2.063333333,0.354620298,9,3.559026084,1.06667E+11,80.40453276,IM,IM
Au2Pb,2 ,Au Pb,2 1,1.544666667,0.093996068,1091.756667,347.2931386,1.777777778,0.10475656,0.636514168,2.47,0.098994949,8.666666667,3.299831646,1.62E+11,82.02438662,IM,IM
Mg75Ni15Nd10,3 ,Mg Ni Nd,75 15 10,1.5517,0.0831,1080.85,293.34,-5.4000,3.0537,0.7306,1.3830,0.2271,3.3000,2.8302,"63,950,000,000",48.9035,AM,AM
Cd5Li4Mg,3 ,Cd Li Mg,5 4 1,1.5517,0.018269005,570.886,134.7762058,-11.6,2.709686329,0.943348392,1.368,0.335255127,6.6,5.407402334,29900000000,15.45606677,IM,IM
Mg65Cu15Zn10Y10,4 ,Mg Cu Zn Y,65 15 10 10,1.55205,0.094555407,1052.7835,305.8632314,-6.27,3.464426468,1.025093912,1.4235,0.227382387,4.45,4.030818775,61350000000,33.91942659,AM,AM
Mg65Cu7.5Ni7.5Zn5Ag5Y10,6 ,Mg Cu Ni Zn Ag Y,65 7.5 7.5 5 5 10,1.5522,0.0961,1107.66325,336.06,-7.3500,4.0437,1.1984,1.4383,0.2499,4.3250,3.8235,"65,850,000,000",42.3453,AM,AM
Mg65Cu15Ag5Pd5Gd10,5 ,Mg Cu Ag Pd Gd,65 15 5 5 10,1.55345,0.093637487,1115.3645,284.8286036,-13.24,8.15576802,1.09440863,1.463,0.298062074,4.3,3.769615365,68050000000,43.47237629,AM,AM
Mg70Ni15Nd15,3 ,Mg Ni Nd,70 15 15,1.5536,0.083639826,1099.4,294.504567,-6.9,3.601989034,0.818808456,1.3745,0.232754699,3.35,2.815581645,63300000000,49.23626712,AM,AM
Mg65Cu15Ag10Y10,4 ,Mg Cu Ag Y,65 15 10 10,1.5571,0.0913,1107.0085,284.54,-7.6900,3.4203,1.0251,1.4515,0.2673,4.3500,3.8506,"64,350,000,000",35.8250,AM,AM
Al2Sm,2 ,Al Sm,2 1,1.558,0.114371572,1070.696667,194.0678131,-33.77777778,1.990374643,0.636514168,1.463333333,0.207417989,3,0,63333333333,17.91337179,IM,IM
AuSn2,2 ,Au Sn,1 2,1.5607,0.0538,782.4966667,392.33,-8.8889,0.5238,0.6365,2.1533,0.2734,6.3333,3.2998,"112,000,000,000",76.3675,IM,IM
AgMg3,2 ,Ag Mg,1 3,1.562,0.043245827,1000.9825,135.0696521,-7.5,1.082531755,0.562335145,1.465,0.268467875,4.25,3.897114317,58750000000,23.8156986,IM,IM
Al2Ce,2 ,Al Ce,2 1,1.563,0.118529736,979.3133333,64.83226374,-33.77777778,1.990374643,0.636514168,1.446666667,0.230988215,3,0,58000000000,25.45584412,IM,IM
SbY,2 ,Sb Y,1 1,1.5660,0.1507,1351.39,447.61,-68.0000,0.0000,0.6931,1.6350,0.4150,4.0000,1.0000,"41,500,000,000",0.5000,IM,IM
Mg6Pd,2 ,Mg Pd,6 1,1.568714286,0.050412957,1052.292857,316.7015274,-19.59183673,7.141369512,0.410116318,1.437142857,0.311435124,3.142857143,2.799416849,64285714286,47.24015933,IM,IM
Mg80Ni10Nd10,3 ,Mg Ni Nd,80 10 10,1.5694,0.0691,1040.6,254.43,-4.4000,2.6022,0.6390,1.3530,0.1925,2.9000,2.3854,"57,200,000,000",41.1164,AM,AM
Gd36Al24Co20Nd20,4 ,Gd Al Co Nd,36 24 20 20,1.57024,0.135264301,1407.3928,306.5419455,-27.5584,12.9397767,1.354077539,1.4224,0.289969378,4.2,2.4,74320000000,55.38427214,AM,AM
Y36Sc20Al24Co20,4 ,Y Sc Al Co,36 20 24 20,1.5708,0.13550695,1588.0728,368.158987,-34.9248,10.92538855,1.354077539,1.4736,0.251457829,4.2,2.4,80400000000,51.54648388,AM,AM
Cd3Mg,2 ,Cd Mg,3 1,1.57625,0.009065452,676.415,142.3659161,-4.5,0.649519053,0.562335145,1.595,0.164544827,9.5,4.330127019,42750000000,1.299038106,IM,IM
Al2La,2 ,Al La,2 1,1.5810,0.1333,1019.98,122.34,-33.7778,1.9904,0.6365,1.4400,0.2404,3.0000,0.0000,"60,000,000,000",22.6274,IM,IM
Dy4Sb3,2 ,Dy Sb,4 3,1.583714286,0.138739051,1350.191429,386.6036377,-65.63265306,0.676661248,0.682908105,1.575714286,0.410743477,3.857142857,0.989743319,41428571429,0.494871659,IM,IM
AuSn4,2 ,Au Sn,1 4,1.5844,0.0449,671.53,332.90,-6.4000,1.4400,0.5004,2.0760,0.2320,5.4000,2.8000,"90,400,000,000",64.8000,IM,IM
CdMg,2 ,Cd Mg,1 1,1.5845,0.0104,758.61,164.39,-6.0000,0.0000,0.6931,1.5000,0.1900,7.0000,5.0000,"43,500,000,000",1.5000,IM,IM
Ho35Al24Co20Y21,4 ,Ho Al Co Y,35 24 20 21,1.5904,0.1395,1566.8728,356.44,-33.9328,10.6539,1.3596,1.4491,0.2668,4.2000,2.4000,"76,850,000,000",53.6034,AM,AM
CdMg3,2 ,Cd Mg,1 3,1.5928,0.0090,840.805,142.37,-4.5000,0.6495,0.5623,1.4050,0.1645,4.5000,4.3301,"44,250,000,000",1.2990,IM,IM
Tb36Al24Co20Y20,4 ,Tb Al Co Y,36 24 20 20,1.59544,0.141642517,1523.8728,338.6670153,-34.5664,10.76440009,1.354077539,1.4024,0.309092607,4.2,2.4,76372000000,53.93446038,AM,AM
Sb3Y4,2 ,Sb Y,3 4,1.599714286,0.146013213,1415.334286,443.0190068,-66.6122449,0.68676067,0.682908105,1.575714286,0.410743477,3.857142857,0.989743319,41428571429,0.494871659,IM,IM
CaAlZn,3 ,Ca Al Zn,1 1 1,1.601,0.165893148,913.7166667,172.9762821,-18.22222222,6.556810928,1.098612289,1.42,0.297433466,5.666666667,4.496912521,54333333333,26.51205177,IM,IM
Gd56Al24Co20,3 ,Gd Al Co,56 24 20,1.6024,0.1447,1465.7928,307.19,-34.4704,5.6270,0.9891,1.4344,0.2791,4.2000,2.4000,"75,520,000,000",54.5125,AM,AM
Gd50Al24Co20Y6,4 ,Gd Al Co Y,50 24 20 6,1.6025,0.1447,1478.5728,316.22,-34.4128,8.1791,1.1798,1.4356,0.2781,4.2000,2.4000,"75,700,000,000",54.3931,AM,AM
Gd40Al24Co20Y16,4 ,Gd Al Co Y,40 24 20 16,1.6026,0.1448,1499.8728,329.63,-34.3168,10.3076,1.3241,1.4376,0.2765,4.2000,2.4000,"76,000,000,000",54.1923,AM,AM
Gd46Al24Co20Y20,4 ,Gd Al Co Y,36 24 20 20,1.60264,0.144772104,1508.3928,334.4646749,-34.2784,10.73691002,1.354077539,1.4384,0.275806889,4.2,2.4,76120000000,54.11123358,AM,AM
Gd60Cu20Ni10Al10,4 ,Gd Cu Ni Al,60 20 10 10,1.604,0.153112181,1489.301,213.6890967,-28,6.89492567,1.088899975,1.452,0.318929459,5.3,3.522782991,76400000000,52.60266153,AM,AM
Dy5Sb3,2 ,Dy Sb,5 3,1.6075,0.13371731,1392.0425,378.2065062,-62.8125,2.02726472,0.661563238,1.53125,0.401822022,3.75,0.968245837,41375000000,0.484122918,IM,IM
Bi2CaMg2,3 ,Bi Ca Mg,2 1 2,1.6076,0.124063092,810.08,227.7415851,-26.24,12.07572905,1.054920168,1.532,0.414217334,3.2,1.469693846,33800000000,10.47664068,IM,IM
Ce57Al10Ni12.5Cu15.5Nb5,5 ,Ce Al Ni Cu Nb,57 10 12.5 15.5 5,1.6087,0.1582,1267.77135,413.31,-22.0584,11.4907,1.2494,1.4127,0.3496,5.2150,3.3673,"72,840,000,000",63.8813,AM,AM
Ca2Mg6Zn3,3 ,Ca Mg Zn,2 6 3,1.6130,0.1192,895.0945455,142.80,-9.1240,3.6187,0.9949,1.3464,0.2184,4.7273,4.4536,"46,727,272,727",17.6073,IM,IM
CdSn10,2 ,Cd Sn,1 10,1.6153,0.0093,513.1836364,25.63,0.0000,0.0000,0.3046,1.9355,0.0776,4.7273,2.2998,"56,545,454,545",4.5997,IM,IM
Ce60Al10Ni10Cu20,4 ,Ce Al Ni Cu,60 10 10 20,1.6184,0.15889284,1180.301,222.6141237,-26.56,6.605977899,1.088899975,1.404,0.356992997,5.3,3.522782991,66800000000,59.71398496,AM,AM
Ce60Al15Ni15Cu10,4 ,Ce Al Ni Cu,60 15 15 10,1.6245,0.154721258,1177.5975,253.8605945,-30.6,6.620445604,1.105889879,1.39,0.34288482,4.85,3.213642793,65600000000,60.60891024,AM,AM
Sb3Y5,2 ,Sb Y,3 5,1.625,0.140619088,1463.2925,433.3965189,-63.75,2.057522403,0.661563238,1.53125,0.401822022,3.75,0.968245837,41375000000,0.484122918,IM,IM
AlCe1,2 ,Al Ce,1 1,1.6285,0.120663187,1002.235,68.765,-38,0,0.693147181,1.365,0.245,3,0,49000000000,27,IM,IM
La55Al25Ni20,3 ,La Al Ni,55 25 20,1.64065,0.164996524,1235.1175,268.9053205,-37.18,4.797253277,0.997271523,1.3895,0.335312914,4.4,2.8,70400000000,58.30128644,AM,AM
La55Al25Ni15Cu5,4 ,La Al Ni Cu,55 25 15 5,1.64225,0.163464401,1216.606,246.1156631,-35.35,6.73988965,1.109738552,1.389,0.334542972,4.45,2.906458326,68400000000,55.10571658,AM,AM
La55Al25Ni10Cu10,4 ,La Al Ni Cu,55 25 10 10,1.64385,0.161917819,1198.0945,219.4320318,-33.6,7.606589249,1.135900959,1.3885,0.333770505,4.5,3.008321791,66400000000,51.6356466,AM,AM
La55Al25Ni5Cu10Co5,5 ,La Al Ni Cu Co,55 25 5 10 5,1.6441,0.16166711,1200.0945,224.3792294,-32.31,7.956107151,1.205215677,1.387,0.331483031,4.45,2.923610781,66400000000,51.6356466,AM,AM
La55Al25Ni5Cu15,4 ,La Al Ni Cu,55 25 5 15,1.64545,0.160356368,1179.583,187.1965872,-31.93,7.898110185,1.109738552,1.388,0.332995495,4.55,3.106042498,64400000000,47.83137046,AM,AM
La55Al25Cu20,3 ,La Al Cu,55 25 20,1.64705,0.158779617,1161.0715,145.7715908,-30.34,7.791379275,0.997271523,1.3875,0.332217925,4.6,3.2,62400000000,43.60550424,AM,AM
AuPb2,2 ,Au Pb,1 2,1.6473,0.0881,846.1833333,347.29,1.7778,0.1048,0.6365,2.4000,0.0990,6.3333,3.2998,"104,000,000,000",82.0244,IM,IM
AlEr2,2 ,Al Er,1 2,1.6480,0.0927,1491.156667,394.34,-33.7778,1.9904,0.6365,1.3633,0.1744,3.0000,0.0000,"54,666,666,667",15.0849,IM,IM
Ce65Al12.5Ni12.5Cu10,4 ,Ce Al Ni Cu,65 12.5 12.5 10,1.6488,0.148668041,1164.61075,236.1803726,-28.135,5.823898958,1.03012779,1.358,0.33499403,4.675,3.117591218,60300000000,58.39957192,AM,AM
Mg3Sm1,2 ,Mg Sm,3 1,1.6533,0.0547,1028.5375,182.80,-4.5000,0.6495,0.5623,1.2750,0.0606,2.2500,0.4330,"43,250,000,000",3.0311,IM,IM
Ce65Al10Ni10Cu10Nb5,5 ,Ce Al Ni Cu Nb,65 10 10 10 5,1.6533,0.144722268,1235.574,408.8367668,-19.86,11.5108445,1.120571037,1.35,0.325392071,4.6,2.989983278,62400000000,60.36091451,AM,AM
Bi3Pb7,2 ,Bi Pb,3 7,1.6540,0.0887,583.837,25.62,0.0000,0.0000,0.6109,2.2370,0.1421,4.3000,0.4583,"41,500,000,000",6.8739,IM,IM
AlLa,2 ,Al La,1 1,1.6555,0.13500453,1063.235,129.765,-38,0,0.693147181,1.355,0.255,3,0,52000000000,24,IM,IM
Mg17Sr2,2 ,Mg Sr,17 2,1.659,0.101927429,936.3684211,38.97531003,-1.506925208,0.76510522,0.336495758,1.272105263,0.110481194,2,0,41515151515,10.15999194,IM,IM
CdIn3Na2,3 ,Cd In Na,1 3 2,1.660333333,0.083774199,437.535,74.85591977,-4,1.247219129,1.011404265,1.481666667,0.391382876,3.833333333,3.760171391,25765000000,14.10103631,IM,IM
Ce68Al10Fe2Cu20,4 ,Ce Al Fe Cu,68 10 2 20,1.6646,0.1426,1129.401,160.87,-21.5568,6.3309,0.8926,1.3392,0.3282,4.7000,3.2265,"53,960,000,000",49.9303,AM,AM
Mg2Sm1,2 ,Mg Sm,2 1,1.6707,0.0590,1063.716667,199.00,-5.3333,0.3143,0.6365,1.2633,0.0660,2.3333,0.4714,"42,666,666,667",3.2998,IM,IM
AuPb3,2 ,Au Pb,1 3,1.6730,0.0797,784.79,319.01,1.5000,0.2165,0.5623,2.3825,0.0909,5.7500,3.0311,"89,500,000,000",75.3442,IM,IM
Ce70Al10Ni10Cu10,4 ,Ce Al Ni Cu,70 10 10 10,1.6731,0.1412,1151.624,216.29,-25.1200,5.2703,0.9404,1.3260,0.3238,4.5000,3.0083,"55,000,000,000",55.6004,AM,AM
SrCaYbMgZnCu,6 ,Sr Ca Yb Mg Zn Cu,1 1 1 1 1 1,1.6837,0.1814,1038.408333,201.54,-13.1111,6.1470,1.7918,1.3183,0.3495,5.3333,4.3843,"52,482,323,232",43.5701,AM,AM
La66Al14Cu20,3 ,La Al Cu,66 14 20,1.69622,0.152377934,1189.6198,121.8532714,-25.2448,5.819805672,0.871383575,1.3314,0.332968527,4.6,3.2,57120000000,44.53521753,AM,AM
Sr36Al24Co20Y20,4 ,Sr Al Co Y,36 24 20 20,1.729,0.210408066,1315.4328,384.8499013,-12.9088,11.82112013,1.354077539,1.3484,0.365214238,3.84,2.618090908,66721818182,61.65684605,AM,AM
GdTbDyTmLu,5 ,Gd Tb Dy Tm Lu,1 1 1 1 1,1.7302,0.050718319,1730.8,128.948672,0,0,1.609437912,1.208,0.059126982,3,4.44E-16,42140000000,3.815547143,HCP,SS
Ca6.23Mg3.78Sn7,3 ,Ca Mg Sn,6.23 3.78 7,1.7462,0.1001,821.3374486,273.94,-32.3756,11.4285,1.0675,1.4640,0.4305,2.8230,0.9842,"40,094,650,206",18.2381,IM,IM
SrCaYbMgZn0.5Cu0.5,6 ,Sr Ca Yb Mg Zn Cu,1 1 1 1 0.5 0.5,1.7531,0.1637,1041.045,163.04,-10.6000,5.4035,1.7481,1.2270,0.3057,4.1000,3.7269,"41,978,787,879",37.0280,AM,AM
SrCaYbLi0.55Mg0.45Zn,6 ,Sr Ca Yb Li Mg Zn,1 1 1 0.55 0.45 1,1.7558,0.1571,922.9119,226.16,-12.1520,6.6640,1.7471,1.1657,0.2612,4.0900,3.9927,"31,238,787,879",21.8630,AM,AM
Sr40Al20Co20Y20,4 ,Sr Al Co Y,40 20 20 20,1.7578,0.209138042,1320.094,380.8806629,-9.76,11.63030249,1.33217904,1.322,0.369182882,3.8,2.638181192,64157575758,62.54431861,AM,AM
SrCaYbMgZn,5 ,Sr Ca Yb Mg Zn,1 1 1 1 1,1.7648,0.1525,974.536,155.77,-13.1200,6.4550,1.6094,1.2020,0.2558,4.2000,3.9192,"34,978,787,879",20.9709,AM,AM
YGdTbDyLu,5 ,Y Gd Tb Dy Lu,1 1 1 1 1,1.7786,0.013719577,1727,126.5811992,0,0,1.609437912,1.202,0.056,3,4.44E-16,41340000000,3.541525095,HCP,SS
HoDyYGdTb,5 ,Ho Dy Y Gd Tb,1 1 1 1 1,1.7848,0.008091442,1689.2,77.05686212,0,0,1.609437912,1.194,0.048,3,4.44E-16,39740000000,1.212600511,HCP,SS
Sr46Al14Co20Y21,4 ,Sr Al Co Y,46 14 20 20,1.801,0.204941992,1327.0858,374.7393136,-4.6048,11.10199212,1.276234208,1.2824,0.37155651,3.74,2.666908322,60311212121,63.65902888,AM,AM
Ca65Mg15Zn20,3 ,Ca Mg Zn,65 15 20,1.80355,0.134526416,1001.736,168.439018,-14.26,4.195021692,0.886464476,1.1765,0.260312793,4,4,31800000000,21.45600149,AM,AM
GdHoLaTbY,5 ,Gd Ho La Tb Y,1 1 1 1 1,1.8058,0.021582588,1590.8,213.2945381,0,0,1.609437912,1.17,0.057965507,3,4.44E-16,37140000000,4.685979087,HCP,SS
Al3Ca8,2 ,Al Ca,3 8,1.8276,0.1326,1065.491818,80.85,-15.8678,1.8403,0.5860,1.1664,0.2717,2.2727,0.4454,"33,090,909,091",26.2763,IM,IM
